task_in,time_in,time_out,task_outHelloTalk,1451791442,1451791533, HelloTalkHelloTalk,1451791693,1451791818, HelloTalkAnki,1451791822,1451792987, AnkiAnki,1451793461,1451793621, AnkiAnki,1451829488,1451829891, AnkiHelloTalk,1451829894,1451829963, HelloTalkHelloTalk,1451830017,1451830154, HelloTalkSpanishPod101,1451865402,1451865473, SpanishPod101SpanishPod101,1451865590,1451865615, SpanishPod101SpanishPod101,1451867432,1451867441, SpanishPod101Other,1451869904,1451873560, OtherOther,1451874065,1451874902, OtherOther,1451875014,1451875116, OtherOther,1451875362,1451877960, OtherHelloTalk,1451878842,1451878972, HelloTalkHelloTalk,1451879132,1451879803, HelloTalkHelloTalk,1451879823,1451880789, HelloTalkOther,1451880873,1451880937, OtherHelloTalk,1451880937,1451881212, HelloTalkHelloTalk,1451881217,1451881219, HelloTalkHelloTalk,1451881564,1451881616, HelloTalkHelloTalk,1451881675,1451881714, HelloTalkHelloTalk,1451881892,1451881984, HelloTalkHelloTalk,1451881996,1451882096, HelloTalkHelloTalk,1451882170,1451882331, HelloTalkHelloTalk,1451882603,1451882636, HelloTalkHelloTalk,1451882713,1451882740, HelloTalkHelloTalk,1451882743,1451882754, HelloTalkHelloTalk,1451883061,1451883077, HelloTalkOther,1451883096,1451883287, OtherSpanishPod101,1451917594,1451918848, SpanishPod101Anki,1451918859,1451919436, AnkiSpanishPod101,1451919625,1451921185, SpanishPod101Duolingo,1451921590,1451922227, DuolingoDuolingo,1451922412,1451922814, DuolingoDuolingo,1451922895,1451923073, DuolingoHelloTalk,1451923073,1451923109, HelloTalkOther (Active),1451923973,1451925101, Other (Active)HelloTalk,1451925104,1451925173, HelloTalkHelloTalk,1451925208,1451925303, HelloTalkAnki,1451925327,1451925360, AnkiHelloTalk,1451925360,1451925396, HelloTalkAnki,1451925396,1451925723, AnkiHelloTalk,1451925724,1451925811, HelloTalkOther,1451925842,1451929029, OtherDuolingo,1451929514,1451930075, DuolingoDuolingo,1451931434,1451931689, DuolingoDuolingo,1451931691,1451931725, DuolingoHelloTalk,1451934116,1451934126, HelloTalkAnki,1451949172,1451949461, AnkiAnki,1451952051,1451952228, AnkiHelloTalk,1451963479,1451963493, HelloTalkAnki,1451964309,1451964485, AnkiHelloTalk,1451964510,1451964573, HelloTalkHelloTalk,1451964611,1451964752, HelloTalkAnki,1451965121,1451965934, AnkiHelloTalk,1451966395,1451966527, HelloTalkHelloTalk,1451966769,1451966810, HelloTalkHelloTalk,1451966996,1451967030, HelloTalkHelloTalk,1451967209,1451967250, HelloTalkHelloTalk,1451967450,1451967541, HelloTalkHelloTalk,1451967548,1451967600, HelloTalkHelloTalk,1451967673,1451967799, HelloTalkHelloTalk,1451967886,1451968663, HelloTalkHelloTalk,1451968674,1451968987, HelloTalkHelloTalk,1451968990,1451969115, HelloTalkHelloTalk,1451969136,1451969731, HelloTalkHelloTalk,1451969871,1451970206, HelloTalkHelloTalk,1451970840,1451970867, HelloTalkHelloTalk,1451970884,1451971051, HelloTalkHelloTalk,1451971169,1451971297, HelloTalkHelloTalk,1451971300,1451971307, HelloTalkHelloTalk,1451972662,1451972699, HelloTalkHelloTalk,1451972709,1451972711, HelloTalkAnki,1452022289,1452022296, AnkiSpanishPod101,1452025745,1452025755, SpanishPod101Duolingo,1452040790,1452040796, DuolingoSpanishPod101,1452087926,1452090124, SpanishPod101Mimic Method,1452091090,1452096464, Mimic MethodOther,1452098589,1452099315, OtherOther,1452099629,1452100089, OtherOther,1452100119,1452101068, OtherOther,1452101668,1452103514, OtherDuolingo,1452103896,1452103952, DuolingoDuolingo,1452104059,1452105573, DuolingoDuolingo,1452108648,1452110203, DuolingoHelloTalk,1452110550,1452110577, HelloTalkDuolingo,1452110612,1452110989, DuolingoDuolingo,1452111695,1452111697, DuolingoAnki,1452113799,1452114132, AnkiOther (Active),1452114712,1452115473, Other (Active)Anki,1452115501,1452115575, AnkiOther (Active),1452115577,1452116013, Other (Active)Anki,1452116120,1452116225, AnkiAnki,1452116266,1452116593, AnkiAnki,1452116622,1452116656, AnkiHelloTalk,1452116660,1452116699, HelloTalkHelloTalk,1452116701,1452116897, HelloTalkHelloTalk,1452116909,1452117518, HelloTalkHelloTalk,1452117533,1452117556, HelloTalkHelloTalk,1452117601,1452117788, HelloTalkHelloTalk,1452117825,1452117933, HelloTalkHelloTalk,1452117948,1452117997, HelloTalkHelloTalk,1452118003,1452118005, HelloTalkHelloTalk,1452121192,1452121441, HelloTalkHelloTalk,1452133000,1452133011, HelloTalkAnki,1452133016,1452133641, AnkiDuolingo,1452133654,1452134428, DuolingoAnki,1452134553,1452135501, AnkiAnki,1452135504,1452135525, AnkiAnki,1452141804,1452141883, AnkiHelloTalk,1452141942,1452141971, HelloTalkHelloTalk,1452142003,1452142057, HelloTalkHelloTalk,1452142387,1452142568, HelloTalkHelloTalk,1452142798,1452142928, HelloTalkDuolingo,1452143758,1452144862, DuolingoDuolingo,1452149335,1452149931, DuolingoDuolingo,1452172686,1452174896, DuolingoDuolingo,1452175601,1452176278, DuolingoOther,1452177200,1452177201, OtherHelloTalk,1452177838,1452177939, HelloTalkDuolingo,1452177963,1452178478, DuolingoDuolingo,1452178499,1452179997, DuolingoDuolingo,1452180145,1452180148, DuolingoDuolingo,1452181979,1452183652, DuolingoHelloTalk,1452186941,1452186981, HelloTalkHelloTalk,1452187141,1452187409, HelloTalkDuolingo,1452187640,1452187661, DuolingoHelloTalk,1452187661,1452187864, HelloTalkDuolingo,1452187880,1452188160, DuolingoHelloTalk,1452188160,1452188234, HelloTalkDuolingo,1452188234,1452188251, DuolingoHelloTalk,1452188251,1452188467, HelloTalkDuolingo,1452188467,1452188904, DuolingoHelloTalk,1452188904,1452188973, HelloTalkHelloTalk,1452189009,1452189018, HelloTalkAnki,1452189130,1452190077, AnkiDuolingo,1452190296,1452190713, DuolingoDuolingo,1452190781,1452191394, DuolingoDuolingo,1452191418,1452191747, DuolingoAnki,1452194517,1452194682, AnkiiTalki,1452195078,1452197369, iTalkiDuolingo,1452212935,1452213129, DuolingoDuolingo,1452213234,1452213392, DuolingoDuolingo,1452215414,1452215621, DuolingoDuolingo,1452215777,1452215929, DuolingoDuolingo,1452216265,1452216522, DuolingoDuolingo,1452217015,1452217351, DuolingoDuolingo,1452217468,1452217582, DuolingoDuolingo,1452217667,1452217940, DuolingoDuolingo,1452218608,1452219319, DuolingoDuolingo,1452222890,1452222999, DuolingoDuolingo,1452223012,1452223119, DuolingoDuolingo,1452223154,1452223219, DuolingoDuolingo,1452223232,1452223535, DuolingoDuolingo,1452223706,1452223895, DuolingoDuolingo,1452223906,1452224155, DuolingoDuolingo,1452224211,1452224518, DuolingoDuolingo,1452228801,1452229404, DuolingoDuolingo,1452229433,1452229659, DuolingoDuolingo,1452229703,1452230417, DuolingoDuolingo,1452259473,1452260153, DuolingoDuolingo,1452269419,1452269500, DuolingoDuolingo,1452269642,1452269716, DuolingoDuolingo,1452269765,1452270014, DuolingoiTalki,1452270603,1452274377, iTalkiDuolingo,1452278564,1452279921, DuolingoDuolingo,1452280077,1452280192, DuolingoDuolingo,1452280214,1452280432, DuolingoAnki,1452280528,1452281257, AnkiiTalki,1452283127,1452286814, iTalkiDuolingo,1452307282,1452308684, DuolingoDuolingo,1452308745,1452308756, DuolingoDuolingo,1452308792,1452308900, DuolingoDuolingo,1452308942,1452309323, DuolingoDuolingo,1452309348,1452309789, DuolingoDuolingo,1452344920,1452346546, DuolingoDuolingo,1452346738,1452347354, DuolingoDuolingo,1452347822,1452347972, DuolingoAnki,1452349985,1452349994, AnkiDuolingo,1452350142,1452351457, DuolingoDuolingo,1452351542,1452351922, DuolingoDuolingo,1452352061,1452353707, DuolingoAnki,1452356332,1452356660, AnkiAnki,1452358396,1452358414, AnkiAnki,1452358444,1452358462, AnkiAnki,1452358474,1452358486, AnkiAnki,1452358524,1452358565, AnkiAnki,1452358577,1452358578, AnkiAnki,1452358596,1452358614, AnkiDuolingo,1452358872,1452358881, DuolingoDuolingo,1452358894,1452358898, DuolingoAnki,1452380029,1452380035, AnkiDuolingo,1452433595,1452434243, DuolingoDuolingo,1452434965,1452436365, DuolingoDuolingo,1452443717,1452444200, DuolingoDuolingo,1452444259,1452445459, DuolingoAnki,1452445531,1452445591, AnkiDuolingo,1452451287,1452451309, DuolingoOther,1452452710,1452455516, OtherOther,1452455613,1452456303, OtherDuolingo,1452457279,1452459005, DuolingoDuolingo,1452460332,1452461681, DuolingoDuolingo,1452464189,1452465493, DuolingoDuolingo,1452469720,1452470391, DuolingoAnki,1452473108,1452473813, AnkiAnki,1452487076,1452487143, AnkiDuolingo,1452518487,1452519547, DuolingoDuolingo,1452522264,1452522656, DuolingoDuolingo,1452522703,1452522823, DuolingoDuolingo,1452522830,1452523621, DuolingoSpanishPod101,1452525867,1452525884, SpanishPod101SpanishPod101,1452525900,1452528465, SpanishPod101Duolingo,1452530461,1452531488, DuolingoDuolingo,1452533376,1452534341, DuolingoiTalki,1452535792,1452539647, iTalkiHelloTalk,1452539920,1452540111, HelloTalkHelloTalk,1452540361,1452540365, HelloTalkHelloTalk,1452540394,1452540403, HelloTalkDuolingo,1452540649,1452540993, DuolingoHelloTalk,1452540993,1452541018, HelloTalkHelloTalk,1452541020,1452541110, HelloTalkDuolingo,1452541118,1452541398, DuolingoOther (Active),1452543559,1452543564, Other (Active)Other,1452543566,1452543840, OtherOther,1452544022,1452544544, OtherOther,1452544573,1452544957, OtherDuolingo,1452545706,1452546208, DuolingoDuolingo,1452546235,1452547007, DuolingoMimic Method,1452547100,1452547975, Mimic MethodMimic Method,1452548431,1452548652, Mimic MethodMimic Method,1452548721,1452549021, Mimic MethodMimic Method,1452549895,1452549898, Mimic MethodDuolingo,1452549900,1452550274, DuolingoDuolingo,1452550423,1452550681, DuolingoHelloTalk,1452550753,1452550982, HelloTalkAnki,1452550991,1452551390, AnkiDuolingo,1452551451,1452551718, DuolingoOther (Active),1452562380,1452562406, Other (Active)Other (Active),1452562411,1452565288, Other (Active)Other (Active),1452565307,1452565786, Other (Active)Other (Active),1452566386,1452566478, Other (Active)Duolingo,1452570714,1452571122, DuolingoAnki,1452574974,1452575756, AnkiDuolingo,1452607470,1452607831, DuolingoDuolingo,1452607911,1452607915, DuolingoAnki,1452610225,1452610901, AnkiDuolingo,1452611574,1452612289, DuolingoDuolingo,1452612768,1452613038, DuolingoDuolingo,1452624284,1452624536, DuolingoDuolingo,1452624604,1452624665, DuolingoDuolingo,1452624675,1452625183, DuolingoDuolingo,1452644436,1452644623, DuolingoDuolingo,1452644937,1452646175, DuolingoDuolingo,1452646243,1452647928, DuolingoDuolingo,1452650655,1452651389, DuolingoDuolingo,1452651795,1452652706, DuolingoDuolingo,1452652913,1452653054, DuolingoDuolingo,1452653337,1452653667, DuolingoDuolingo,1452697467,1452698347, DuolingoDuolingo,1452699751,1452699777, DuolingoDuolingo,1452699852,1452700044, DuolingoDuolingo,1452700147,1452700395, DuolingoiTalki,1452711806,1452712021, iTalkiiTalki,1452712029,1452715679, iTalkiDuolingo,1452720889,1452720952, DuolingoDuolingo,1452720985,1452721261, DuolingoDuolingo,1452721368,1452721802, DuolingoiTalki,1452721814,1452721816, iTalkiDuolingo,1452721821,1452721856, DuolingoDuolingo,1452721965,1452721966, DuolingoDuolingo,1452721981,1452722014, DuolingoDuolingo,1452722047,1452722421, DuolingoDuolingo,1452722456,1452723032, DuolingoDuolingo,1452723643,1452724273, DuolingoDuolingo,1452725233,1452725237, DuolingoiTalki,1452725772,1452725775, iTalkiDuolingo,1452728445,1452728453, DuolingoDuolingo,1452738275,1452738535, DuolingoDuolingo,1452738544,1452738562, DuolingoDuolingo,1452738572,1452739026, DuolingoDuolingo,1452739047,1452739068, DuolingoDuolingo,1452739080,1452739159, DuolingoDuolingo,1452739201,1452739266, DuolingoDuolingo,1452739280,1452739911, DuolingoDuolingo,1452739938,1452740182, DuolingoDuolingo,1452740209,1452742035, DuolingoDuolingo,1452764974,1452767918, DuolingoDuolingo,1452783666,1452785030, DuolingoDuolingo,1452799238,1452799658, DuolingoDuolingo,1452799720,1452799824, DuolingoDuolingo,1452799896,1452800805, DuolingoDuolingo,1452800843,1452801192, DuolingoDuolingo,1452802469,1452803108, DuolingoDuolingo,1452805309,1452806520, DuolingoDuolingo,1452806593,1452808062, DuolingoDuolingo,1452808224,1452808791, DuolingoDuolingo,1452863674,1452864074, DuolingoDuolingo,1452864167,1452864207, DuolingoDuolingo,1452864253,1452866172, DuolingoDuolingo,1452867785,1452868447, DuolingoSpanishPod101,1452870155,1452872920, SpanishPod101Duolingo,1452884621,1452887134, DuolingoDuolingo,1452887180,1452887198, DuolingoDuolingo,1452887217,1452887267, DuolingoDuolingo,1452887276,1452887343, DuolingoDuolingo,1452887367,1452887910, DuolingoDuolingo,1452889154,1452889392, DuolingoDuolingo,1452889582,1452891120, DuolingoDuolingo,1452896306,1452898209, DuolingoDuolingo,1452898258,1452898800, DuolingoAnki,1452911587,1452911607, AnkiAnki,1452911672,1452911698, AnkiAnki,1452919139,1452919625, AnkiAnki,1452952318,1452954103, AnkiDuolingo,1452970059,1452971101, DuolingoDuolingo,1452971278,1452971901, DuolingoDuolingo,1452971956,1452972098, DuolingoDuolingo,1452973166,1452973209, DuolingoDuolingo,1452973228,1452973750, DuolingoDuolingo,1452973803,1452973919, DuolingoDuolingo,1452973981,1452974214, DuolingoDuolingo,1452976522,1452979923, DuolingoDuolingo,1452985103,1452985124, DuolingoAnki,1452985278,1452985440, AnkiAnki,1452992366,1452992410, AnkiDuolingo,1452992724,1452992726, DuolingoDuolingo,1452992949,1452993106, DuolingoDuolingo,1452993209,1452995416, DuolingoDuolingo,1453001147,1453001319, DuolingoDuolingo,1453001394,1453001613, DuolingoDuolingo,1453001654,1453002391, DuolingoDuolingo,1453002456,1453002520, DuolingoDuolingo,1453002532,1453002718, DuolingoOther,1453038519,1453038521, OtherAnki,1453049769,1453049841, AnkiAnki,1453049978,1453050034, AnkiAnki,1453068806,1453068808, AnkiAnki,1453084690,1453084690, AnkiDuolingo,1453089114,1453089371, DuolingoAnki,1453121613,1453121757, AnkiDuolingo,1453139799,1453139803, DuolingoDuolingo,1453166807,1453167283, DuolingoDuolingo,1453167410,1453167590, DuolingoAnki,1453173453,1453173565, AnkiAnki,1453173902,1453174305, AnkiDuolingo,1453213471,1453216807, DuolingoAnki,1453217059,1453217725, AnkiOther (Active),1453217870,1453218568, Other (Active)Other (Active),1453218690,1453218920, Other (Active)Anki,1453219032,1453219841, AnkiDuolingo,1453221915,1453222769, DuolingoMimic Method,1453224263,1453224265, Mimic MethodAnki,1453230219,1453230269, AnkiSpanishPod101,1453255495,1453255495, SpanishPod101Anki,1453255505,1453255532, AnkiAnki,1453296510,1453296910, AnkiDuolingo,1453301062,1453301629, DuolingoiTalki,1453316476,1453316497, iTalkiiTalki,1453316501,1453320128, iTalkiAnki,1453337150,1453337283, AnkiAnki,1453337534,1453337700, AnkiAnki,1453337832,1453338105, AnkiAnki,1453338718,1453338972, AnkiDuolingo,1453339044,1453339058, DuolingoDuolingo,1453348083,1453348234, DuolingoDuolingo,1453348268,1453348277, DuolingoDuolingo,1453348293,1453348614, DuolingoDuolingo,1453389117,1453391727, DuolingoSpanishPod101,1453392420,1453393200, SpanishPod101Duolingo,1453403758,1453404068, DuolingoDuolingo,1453425446,1453426063, DuolingoDuolingo,1453426697,1453427141, DuolingoDuolingo,1453427211,1453427309, DuolingoDuolingo,1453427418,1453427661, DuolingoDuolingo,1453427845,1453428197, DuolingoDuolingo,1453429296,1453429307, DuolingoDuolingo,1453429895,1453430380, DuolingoDuolingo,1453436693,1453436696, DuolingoOther (Active),1453474634,1453475348, Other (Active)Other,1453475350,1453476570, OtherOther (Active),1453477160,1453477750, Other (Active)Mimic Method,1453479331,1453480239, Mimic MethodDuolingo,1453482594,1453483082, DuolingoMimic Method,1453483129,1453483131, Mimic MethodAnki,1453487592,1453487626, AnkiAnki,1453488578,1453488588, AnkiOther (Active),1453494303,1453494591, Other (Active)Other (Active),1453494637,1453494655, Other (Active)Other (Active),1453494738,1453495179, Other (Active)Anki,1453495185,1453495814, AnkiAnki,1453496015,1453496017, AnkiOther (Active),1453496019,1453496287, Other (Active)Anki,1453496290,1453496347, AnkiAnki,1453496373,1453496413, AnkiDuolingo,1453496637,1453497559, DuolingoAnki,1453498983,1453498995, AnkiDuolingo,1453525268,1453526718, DuolingoAnki,1453556961,1453556963, AnkiDuolingo,1453565191,1453566483, DuolingoAnki,1453569230,1453569500, AnkiOther (Active),1453572696,1453574344, Other (Active)Anki,1453593782,1453594036, AnkiAnki,1453647321,1453647376, AnkiAnki,1453647442,1453648610, AnkiOther (Active),1453648998,1453650118, Other (Active)Other (Active),1453650160,1453650201, Other (Active)Other (Active),1453651060,1453652058, Other (Active)Other (Active),1453652272,1453652441, Other (Active)Other (Active),1453652997,1453653434, Other (Active)Anki,1453653439,1453653464, AnkiOther (Active),1453653466,1453654067, Other (Active)Other (Active),1453654513,1453655960, Other (Active)Other (Active),1453656227,1453656975, Other (Active)Anki,1453657560,1453658145, AnkiOther (Active),1453698750,1453698753, Other (Active)Other (Active),1453698755,1453699570, Other (Active)Anki,1453728966,1453729497, AnkiOther (Active),1453732699,1453734846, Other (Active)Other,1453743905,1453744851, OtherOther (Active),1453747587,1453748110, Other (Active)iTalki,1453748400,1453752000, iTalkiAnki,1453758040,1453758079, AnkiOther (Active),1453763548,1453763592, Other (Active)Other (Active),1453763616,1453764371, Other (Active)Other (Active),1453764708,1453764886, Other (Active)Anki,1453764887,1453764990, AnkiAnki,1453765152,1453765170, AnkiOther (Active),1453765172,1453765609, Other (Active)Anki,1453765616,1453765629, AnkiDuolingo,1453765655,1453766003, DuolingoOther (Active),1453813788,1453816010, Other (Active)Other (Active),1453816854,1453817725, Other (Active)Other (Active),1453818573,1453818687, Other (Active)Other (Active),1453818956,1453819320, Other (Active)Anki,1453819415,1453819629, AnkiAnki,1453819959,1453820121, AnkiAnki,1453820449,1453821147, AnkiiTalki,1453822683,1453822687, iTalkiiTalki,1453822696,1453826476, iTalkiSpanishPod101,1453830435,1453833215, SpanishPod101Duolingo,1453833514,1453834168, DuolingoOther,1453834258,1453834560, OtherOther,1453834563,1453834627, OtherSpanishPod101,1453846214,1453847799, SpanishPod101Anki,1453861586,1453861646, AnkiOther (Active),1453861650,1453861742, Other (Active)Anki,1453861744,1453861786, AnkiAnki,1453861786,1453861790, AnkiOther (Active),1453861794,1453863222, Other (Active)SpanishPod101,1453911062,1453911966, SpanishPod101Anki,1453918083,1453918118, AnkiAnki,1453918192,1453918232, AnkiConversation,1453921200,1453924800, ConversationAnki,1453928370,1453928480, AnkiSpanishPod101,1453932492,1453933242, SpanishPod101Other (Active),1454001775,1454002229, Other (Active)Conversation,1454010062,1454010556, ConversationConversation,1454010570,1454013964, ConversationOther (Active),1454020750,1454021329, Other (Active)Anki,1454024020,1454024955, AnkiAnki,1454026000,1454026072, AnkiAnki,1454026081,1454026083, AnkiDuolingo,1454037786,1454038629, DuolingoOther (Active),1454038957,1454039844, Other (Active)SpanishPod101,1454073761,1454073762, SpanishPod101Conversation,1454088294,1454089952, ConversationAnki,1454090105,1454091134, AnkiConversation,1454091137,1454091382, Conversation Anki,1454093063,1454093078, AnkiAnki,1454095545,1454095559, AnkiDuolingo,1454104954,1454105357, DuolingoDuolingo,1454112923,1454113133, DuolingoDuolingo,1454113187,1454113380, DuolingoAnki,1454118782,1454118865, AnkiAnki,1454120088,1454120101, AnkiAnki,1454120116,1454121294, AnkiDuolingo,1454177096,1454177599, DuolingoMimic Method,1454181486,1454183741, Mimic MethodDuolingo,1454184651,1454185763, DuolingoOther (Active),1454185771,1454185878, Other (Active)Other (Active),1454185951,1454187441, Other (Active)Anki,1454187712,1454188080, AnkiReading,1454190037,1454190373, ReadingReading,1454190388,1454191093, ReadingReading,1454193242,1454193382, ReadingReading,1454251887,1454257431, ReadingReading,1454259341,1454260298, ReadingAnki,1454260300,1454260943, AnkiDuolingo,1454261241,1454262194, DuolingoReading,1454262866,1454263106, ReadingAnki,1454263107,1454263148, AnkiReading,1454263155,1454263311, ReadingAnki,1454263315,1454263446, AnkiReading,1454263449,1454263852, ReadingOther,1454263976,1454264527, OtherAnki,1454264529,1454264565, AnkiReading,1454264568,1454264569, ReadingOther,1454264571,1454264630, OtherReading,1454268390,1454268392, Reading
Conversation, 1454268995,1454268996, Conversation
Conversation, 1454269040,1454269041, Conversation
Reading, 1454270935,1454272683, Reading
Anki, 1454273440,1454274754, Anki
Reading, 1454281609,1454282443, Reading
Anki, 1454282445,1454282474, Anki
Reading, 1454282477,1454283108, Reading
Anki, 1454283110,1454283130, Anki
Reading, 1454283133,1454284268, Reading
Other (Active), 1454284954,1454286529, Other (Active)
Other (Active), 1454287059,1454287377, Other (Active)
Duolingo, 1454288074,1454288928, Duolingo
Anki, 1454291396,1454291414, Anki
Duolingo, 1454300140,1454300397, Duolingo
Anki, 1454333674,1454333682, Anki
Duolingo, 1454334292,1454334640, Duolingo
HelloTalk, 1454334663,1454334979, HelloTalk
Anki, 1454336675,1454337742, Anki
Conversation, 1454339192,1454342635, Conversation
Conversation, 1454342780,1454343016, Conversation
Conversation, 1454343040,1454343244, Conversation
iTalki, 1454350000,1454353668, iTalki
Duolingo, 1454378065,1454378067, Duolingo
Anki, 1454391045,1454391556, Anki
Anki, 1454421825,1454422099, Anki
iTalki, 1454433145,1454436270, iTalki
Duolingo, 1454466177,1454466228, Duolingo
Duolingo, 1454477173,1454477486, Duolingo
Anki, 1454520784,1454521571, Anki
Anki, 1454525460,1454526054, Anki
Anki, 1454526232,1454526548, Anki
Conversation, 1454527755,1454528127, Conversation
Conversation, 1454528391,1454532256, Conversation
Conversation, 1454532857,1454533571, Conversation
Reading, 1454555501,1454556288, Reading
Duolingo, 1454557036,1454557276, Duolingo
Reading, 1454557279,1454557764, Reading
Anki, 1454593056,1454593139, Anki
Anki, 1454593168,1454594049, Anki
Other, 1454607340,1454607798, Other
Other, 1454608073,1454608235, Other
Other, 1454608240,1454608423, Other
Other, 1454608438,1454608535, Other
Other, 1454609201,1454614135, Other
Reading, 1454614626,1454615891, Reading
Reading, 1454616108,1454616156, Reading
Reading, 1454616503,1454616738, Reading
Reading, 1454618304,1454618992, Reading
Duolingo, 1454623057,1454623569, Duolingo
Anki, 1454681203,1454681690, Anki
Duolingo, 1454681694,1454682498, Duolingo
Anki, 1454699211,1454700352, Anki
Anki, 1454700354,1454700618, Anki
Anki, 1454702298,1454702633, Anki
Duolingo, 1454703892,1454703897, Duolingo
Duolingo, 1454735559,1454736056, Duolingo
Duolingo, 1454736104,1454736130, Duolingo
Duolingo, 1454736191,1454736219, Duolingo
Duolingo, 1454736321,1454736520, Duolingo
Anki, 1454736523,1454736547, Anki
Duolingo, 1454736549,1454736800, Duolingo
Anki, 1454742554,1454742920, Anki
Other (Active), 1454773594,1454773893, Other (Active)
Anki, 1454773900,1454773915, Anki
Other (Active), 1454773919,1454774320, Other (Active)
Reading, 1454774347,1454774401, Reading
Reading, 1454774423,1454774437, Reading
Reading, 1454774439,1454774490, Reading
Reading, 1454775076,1454778635, Reading
Other (Active), 1454778639,1454780081, Other (Active)
Other (Active), 1454780113,1454780413, Other (Active)
Anki, 1454780416,1454781077, Anki
Anki, 1454781080,1454781140, Anki
Anki, 1454781342,1454781378, Anki
Other (Active), 1454781438,1454781531, Other (Active)
Duolingo, 1454781873,1454782473, Duolingo
Duolingo, 1454783367,1454784504, Duolingo
Anki, 1454795438,1454795484, Anki
Anki, 1454796086,1454796132, Anki
Anki, 1454797223,1454797746, Anki
Anki, 1454797820,1454798516, Anki
Duolingo, 1454799475,1454799487, Duolingo
Anki, 1454799687,1454799781, Anki
Duolingo, 1454821720,1454822102, Duolingo
Duolingo, 1454822136,1454822187, Duolingo
Duolingo, 1454822222,1454822300, Duolingo
Duolingo, 1454875371,1454875953, Duolingo
Anki, 1454875959,1454875997, Anki
Anki, 1454875999,1454876099, Anki
Anki, 1454876101,1454876102, Anki
Other, 1454876106,1454877245, Other
Anki, 1454889118,1454891124, Anki
Anki, 1454891303,1454892374, Anki
Anki, 1454892474,1454892529, Anki
Anki, 1454892580,1454892639, Anki
Anki, 1454892749,1454892800, Anki
Anki, 1454892874,1454892923, Anki
Anki, 1454892990,1454893115, Anki
Anki, 1454893120,1454893121, Anki
Anki, 1454893184,1454893212, Anki
Anki, 1454893418,1454893441, Anki
Anki, 1454894002,1454894018, Anki
Anki, 1454894163,1454894182, Anki
Anki, 1454896592,1454896605, Anki
Anki, 1454896700,1454896727, Anki
Anki, 1454896763,1454896797, Anki
Anki, 1454896852,1454897374, Anki
Anki, 1454897399,1454897493, Anki
Anki, 1454897520,1454897733, Anki
Anki, 1454897815,1454899955, Anki
Anki, 1454900820,1454900883, Anki
Anki, 1454901020,1454901092, Anki
Anki, 1454901139,1454901400, Anki
Anki, 1454901423,1454901465, Anki
Anki, 1454904072,1454904119, Anki
SpanishPod101, 1454904235,1454904436, SpanishPod101
Anki, 1454904437,1454904448, Anki
SpanishPod101, 1454904452,1454904755, SpanishPod101
Anki, 1454904759,1454904785, Anki
Anki, 1454939439,1454939448, Anki
Anki, 1454940991,1454941019, Anki
Anki, 1454941067,1454941115, Anki
Anki, 1454941147,1454941414, Anki
Anki, 1454941442,1454941636, Anki
Anki, 1454941896,1454941921, Anki
Anki, 1454942030,1454942121, Anki
Anki, 1454942162,1454942203, Anki
Anki, 1454942225,1454942305, Anki
Anki, 1454942336,1454942386, Anki
Anki, 1454942435,1454942472, Anki
Anki, 1454942570,1454942627, Anki
Anki, 1454942687,1454942696, Anki
Anki, 1454942725,1454942740, Anki
Anki, 1454942794,1454942813, Anki
Anki, 1454943001,1454943016, Anki
Anki, 1454943134,1454943298, Anki
Anki, 1454943336,1454943563, Anki
Anki, 1454943703,1454943744, Anki
Anki, 1454943982,1454944104, Anki
Anki, 1454944253,1454944366, Anki
Anki, 1454944381,1454944460, Anki
Anki, 1454945174,1454945216, Anki
Conversation, 1454946627,1454948191, Conversation
Duolingo, 1454961158,1454961661, Duolingo
Anki, 1454985866,1454987499, Anki
Anki, 1454987546,1454987772, Anki
Anki, 1454987818,1454988233, Anki
Anki, 1454988263,1454988599, Anki
SpanishPod101, 1455037049,1455037833, SpanishPod101
Other, 1455038112,1455038115, Other
SpanishPod101, 1455038117,1455038547, SpanishPod101
Anki, 1455038912,1455039300, Anki
Duolingo, 1455073254,1455073622, Duolingo
Anki, 1455079392,1455079487, Anki
Other, 1455115472,1455118064, Other
Duolingo, 1455118604,1455119707, Duolingo
Anki, 1455129550,1455130442, Anki
iTalki, 1455130538,1455134330, iTalki
Anki, 1455157602,1455157646, Anki
Anki, 1455157709,1455157724, Anki
Anki, 1455157753,1455158008, Anki
Anki, 1455158032,1455158202, Anki
Anki, 1455159218,1455160493, Anki
Anki, 1455162035,1455163413, Anki
Duolingo, 1455165880,1455166325, Duolingo
Anki, 1455201272,1455201306, Anki
Anki, 1455201354,1455201444, Anki
Anki, 1455201460,1455201703, Anki
Reading, 1455203381,1455203817, Reading
Reading, 1455204154,1455204237, Reading
Reading, 1455204276,1455204307, Reading
Reading, 1455204327,1455207194, Reading
Anki, 1455221749,1455221806, Anki
Anki, 1455221869,1455221878, Anki
Anki, 1455223106,1455223181, Anki
Anki, 1455223520,1455223578, Anki
Anki, 1455225742,1455225770, Anki
Anki, 1455238236,1455238582, Anki
Anki, 1455238648,1455238676, Anki
Anki, 1455239062,1455239119, Anki
Anki, 1455239154,1455239202, Anki
Anki, 1455241053,1455241173, Anki
Anki, 1455241614,1455241786, Anki
Duolingo, 1455243823,1455245725, Duolingo
Anki, 1455252883,1455252887, Anki
Duolingo, 1455253165,1455253183, Duolingo
Reading, 1455295059,1455298144, Reading
Anki, 1455298148,1455298921, Anki
Anki, 1455299060,1455299489, Anki
Anki, 1455300309,1455301171, Anki
Anki, 1455301179,1455301254, Anki
Anki, 1455301375,1455301679, Anki
Anki, 1455301989,1455302046, Anki
Anki, 1455302055,1455302069, Anki
Anki, 1455302089,1455302123, Anki
Anki, 1455302137,1455302152, Anki
Anki, 1455302232,1455302260, Anki
Anki, 1455302274,1455302307, Anki
Duolingo, 1455317091,1455317730, Duolingo
Duolingo, 1455317757,1455318588, Duolingo
Duolingo, 1455324994,1455327387, Duolingo
Duolingo, 1455329931,1455330337, Duolingo
Anki, 1455330662,1455330681, Anki
Anki, 1455335705,1455336020, Anki
Duolingo, 1455344129,1455345124, Duolingo
Duolingo, 1455373454,1455374012, Duolingo
Anki, 1455384695,1455384747, Anki
Anki, 1455384757,1455384794, Anki
Anki, 1455384809,1455384885, Anki
Anki, 1455384900,1455385851, Anki
Duolingo, 1455386161,1455386199, Duolingo
Reading, 1455386630,1455387572, Reading
Reading, 1455388709,1455389675, Reading
Duolingo, 1455392488,1455392492, Duolingo
Anki, 1455459298,1455459393, Anki
Duolingo, 1455460397,1455460734, Duolingo
Anki, 1455463224,1455463462, Anki
Reading, 1455468524,1455470246, Reading
Reading, 1455470596,1455472150, Reading
Reading, 1455472529,1455474151, Reading
Reading, 1455475140,1455476772, Reading
Anki, 1455476833,1455477213, Anki
Anki, 1455477218,1455477253, Anki
Duolingo, 1455479378,1455481442, Duolingo
Anki, 1455481810,1455483012, Anki
Mimic Method, 1455486645,1455488266, Mimic Method
Mimic Method, 1455489372,1455489619, Mimic Method
Duolingo, 1455489639,1455490509, Duolingo
Duolingo, 1455490587,1455491688, Duolingo
Reading, 1455491889,1455491902, Reading
Reading, 1455491951,1455492700, Reading
Reading, 1455492706,1455493457, Reading
Anki, 1455493563,1455493817, Anki
SpanishPod101, 1455494448,1455494736, SpanishPod101
SpanishPod101, 1455496869,1455497848, SpanishPod101
Duolingo, 1455497923,1455498451, Duolingo
Anki, 1455498452,1455498983, Anki
Anki, 1455499090,1455499243, Anki
Anki, 1455499273,1455499283, Anki
Anki, 1455499308,1455499331, Anki
Anki, 1455503891,1455504048, Anki
Anki, 1455504126,1455504230, Anki
Anki, 1455504290,1455504436, Anki
Anki, 1455504479,1455504605, Anki
Anki, 1455504657,1455504717, Anki
Anki, 1455504857,1455505422, Anki
Duolingo, 1455507666,1455508484, Duolingo
Duolingo, 1455509529,1455509600, Duolingo
Reading, 1455510634,1455511816, Reading
Conversation, 1455549554,1455551297, Conversation
Reading, 1455551581,1455552070, Reading
Reading, 1455560348,1455563533, Reading
Other (Active), 1455563536,1455563545, Other (Active)
Other, 1455563547,1455564363, Other
Other, 1455564676,1455564937, Other
Anki, 1455568762,1455569087, Anki
Anki, 1455587099,1455587101, Anki
Duolingo, 1455591605,1455592578, Duolingo
Anki, 1455592588,1455592926, Anki
Anki, 1455592930,1455593078, Anki
Duolingo, 1455630390,1455631309, Duolingo
Duolingo, 1455631359,1455632407, Duolingo
Duolingo, 1455632714,1455636191, Duolingo
Anki, 1455637725,1455637766, Anki
Anki, 1455637816,1455638866, Anki
Duolingo, 1455639134,1455639163, Duolingo
Duolingo, 1455639189,1455639618, Duolingo
Duolingo, 1455639643,1455639673, Duolingo
Duolingo, 1455639711,1455639771, Duolingo
Duolingo, 1455639776,1455641169, Duolingo
Reading, 1455643528,1455644167, Reading
Duolingo, 1455668363,1455668691, Duolingo
Anki, 1455719869,1455720823, Anki
Reading, 1455720831,1455720831, Reading
Anki, 1455721502,1455721523, Anki
Anki, 1455721529,1455722516, Anki
Anki, 1455722805,1455723676, Anki
Anki, 1455723708,1455724562, Anki
Anki, 1455731543,1455731648, Anki
Anki, 1455731663,1455731806, Anki
Anki, 1455731918,1455732096, Anki
Anki, 1455732217,1455732230, Anki
Anki, 1455732397,1455732424, Anki
Anki, 1455733301,1455733303, Anki
Conversation, 1455738741,1455738913, Conversation
Conversation, 1455738915,1455740853, Conversation
Anki, 1455741097,1455741199, Anki
Anki, 1455741431,1455741511, Anki
Other (Active), 1455741517,1455741773, Other (Active)
Anki, 1455744809,1455744859, Anki
Duolingo, 1455750707,1455751881, Duolingo
Duolingo, 1455767609,1455768481, Duolingo
Anki, 1455768485,1455768845, Anki
Anki, 1455768870,1455768918, Anki
Anki, 1455768962,1455769968, Anki
Anki, 1455771727,1455771731, Anki
Anki, 1455771746,1455771765, Anki
Duolingo, 1455804610,1455805139, Duolingo
Duolingo, 1455805209,1455805986, Duolingo
Conversation, 1455824152,1455825322, Conversation
Other (Active), 1455826275,1455826396, Other (Active)
Duolingo, 1455826400,1455826563, Duolingo
Duolingo, 1455826611,1455826862, Duolingo
Anki, 1455826949,1455826989, Anki
Conversation, 1455826992,1455827822, Conversation
Anki, 1455828537,1455828764, Anki
Anki, 1455828797,1455828912, Anki
Anki, 1455828940,1455829085, Anki
Other (Active), 1455835492,1455835777, Other (Active)
Other (Active), 1455835804,1455837280, Other (Active)
Anki, 1455843346,1455843365, Anki
Anki, 1455852946,1455853783, Anki
Anki, 1455853897,1455853919, Anki
Anki, 1455854534,1455854540, Anki
Anki, 1455892125,1455892154, Anki
Anki, 1455892561,1455892600, Anki
Other, 1455893025,1455893314, Other
Duolingo, 1455943296,1455943626, Duolingo
Duolingo, 1455983222,1455983996, Duolingo
Anki, 1455984081,1455984184, Anki
Anki, 1456000676,1456000971, Anki
Anki, 1456002758,1456003411, Anki
Reading, 1456005388,1456005388, Reading
Other (Active), 1456081470,1456081479, Other (Active)
Other (Active), 1456081501,1456081517, Other (Active)
Other (Active), 1456081520,1456083723, Other (Active)
Duolingo, 1456119028,1456120781, Duolingo
Conversation, 1456153397,1456156302, Conversation
Anki, 1456156465,1456156583, Anki
Anki, 1456156999,1456157002, Anki
Other (Active), 1456164273,1456164274, Other (Active)
Other, 1456164276,1456164644, Other
Anki, 1456172519,1456173555, Anki
Anki, 1456237397,1456237886, Anki
Anki, 1456237902,1456238306, Anki
Anki, 1456238314,1456238359, Anki
iTalki, 1456240142,1456243742, iTalki
Reading, 1456269627,1456269687, Reading
Reading, 1456269699,1456269812, Reading
Anki, 1456281410,1456281411, Anki
Duolingo, 1456289969,1456290247, Duolingo
Duolingo, 1456290354,1456290678, Duolingo
Anki, 1456320545,1456321120, Anki
Other, 1456321484,1456321486, Other
Other (Active), 1456344942,1456345041, Other (Active)
Other (Active), 1456345161,1456345348, Other (Active)
Anki, 1456345355,1456345356, Anki
Anki, 1456345358,1456345367, Anki
Other (Active), 1456345390,1456345443, Other (Active)
Anki, 1456345449,1456345463, Anki
Other (Active), 1456345486,1456345592, Other (Active)
Duolingo, 1456347920,1456348513, Duolingo
Duolingo, 1456348517,1456348709, Duolingo
iTalki, 1456442132,1456444832, iTalki
Mimic Method, 1456413653,1456413656, Mimic Method
Reading, 1456416706,1456421038, Reading
Anki, 1456422093,1456422457, Anki
Reading, 1456422689,1456423661, Reading
Reading, 1456425204,1456425218, Reading
Other, 1456426435,1456426651, Other
Duolingo, 1456431302,1456431449, Duolingo
Anki, 1456434010,1456434037, Anki
Duolingo, 1456434056,1456434085, Duolingo
Anki, 1456441227,1456441245, Anki
Other (Active), 1456441291,1456443024, Other (Active)
Other (Active), 1456455351,1456455490, Other (Active)
Other (Active), 1456455611,1456456182, Other (Active)
iTalki, 1456495325,1456499345, iTalki
Reading, 1456515995,1456517728, Reading
Duolingo, 1456533142,1456533148, Duolingo
Anki, 1456543214,1456543707, Anki
Anki, 1456543911,1456543969, Anki
Anki, 1456580857,1456581113, Anki
Anki, 1456592507,1456592522, Anki
Anki, 1456608156,1456608157, Anki
Anki, 1456689405,1456689507, Anki
iTalki, 1456750907,1456754778, iTalki
Anki, 1456797391,1456797761, Anki
Anki, 1456800175,1456800345, Anki
Anki, 1456800549,1456800860, Anki
Other, 1456800917,1456800919, Other
iTalki, 1456843047,1456846830, iTalki
Reading, 1456852909,1456854165, Reading
Duolingo, 1456877489,1456877964, Duolingo
Anki, 1456880773,1456881648, Anki
Anki, 1456881661,1456882063, Anki
Anki, 1456888945,1456889394, Anki
Anki, 1456889559,1456889610, Anki
Anki, 1456889779,1456889822, Anki
Anki, 1456889823,1456889925, Anki
Anki, 1456889969,1456890121, Anki
Anki, 1456890337,1456890368, Anki
Anki, 1456891281,1456892284, Anki
Anki, 1456892294,1456892947, Anki
Anki, 1456893771,1456893896, Anki
Anki, 1456894004,1456894118, Anki
Anki, 1456894303,1456894480, Anki
Anki, 1456894909,1456895043, Anki
Anki, 1456896359,1456897263, Anki
Anki, 1456897356,1456897667, Anki
Anki, 1456897685,1456897702, Anki
Anki, 1456897740,1456897776, Anki
Duolingo, 1456934075,1456934438, Duolingo
Anki, 1456941450,1456941774, Anki
Anki, 1456941802,1456942076, Anki
Anki, 1456942094,1456942138, Anki
Conversation, 1456946341,1456950324, Conversation
Anki, 1456955037,1456955075, Anki
Reading, 1457014644,1457015288, Reading
Reading, 1457015298,1457015363, Reading
Reading, 1457015391,1457015671, Reading
Reading, 1457015709,1457016090, Reading
Reading, 1457016149,1457016203, Reading
Reading, 1457018163,1457019308, Reading
Reading, 1457019503,1457019628, Reading
Duolingo, 1457019938,1457020094, Duolingo
Duolingo, 1457020136,1457020311, Duolingo
Anki, 1457021926,1457021929, Anki
Anki, 1457022555,1457022556, Anki
Duolingo, 1457022558,1457023666, Duolingo
Anki, 1457023722,1457023822, Anki
Anki, 1457023999,1457024002, Anki
Duolingo, 1457024096,1457025845, Duolingo
Anki, 1457029454,1457029784, Anki
iTalki, 1457029895,1457033455, iTalki
Reading, 1457038462,1457038463, Reading
Anki, 1457038471,1457038528, Anki
Other (Active), 1457053524,1457053793, Other (Active)
Anki, 1457063288,1457063294, Anki
iTalki, 1457102161,1457105761, iTalki
Duolingo, 1457192371,1457192831, Duolingo
Anki, 1457301054,1457301083, Anki
Anki, 1457301141,1457301544, Anki
Anki, 1457301572,1457302055, Anki
Anki, 1457546295,1457546616, Anki
Anki, 1457546630,1457546731, Anki
Anki, 1457546758,1457546785, Anki
Anki, 1457565272,1457565274, Anki
Duolingo, 1457583179,1457584975, Duolingo
Anki, 1457619867,1457621090, Anki
Duolingo, 1457636390,1457637121, Duolingo
Anki, 1457644323,1457644791, Anki
iTalki, 1457708483,1457710283, iTalki
Anki, 1457725343,1457725694, Anki
Mimic Method, 1457731403,1457731404, Mimic Method
Anki, 1457789951,1457790281, Anki
Anki, 1457790614,1457790756, Anki
Duolingo, 1457790760,1457790946, Duolingo
Anki, 1458061369,1458061401, Anki
Anki, 1458578419,1458578443, Anki
Anki, 1458610432,1458611425, Anki
Anki, 1458611603,1458612465, Anki
Anki, 1458612478,1458612965, Anki
Anki, 1458612995,1458613579, Anki
Anki, 1458613581,1458613931, Anki
Anki, 1458705414,1458705533, Anki
Anki, 1458736323,1458737458, Anki
HelloTalk, 1458786609,1458786735, HelloTalk
Anki, 1458851518,1458851763, Anki
Anki, 1458927612,1458927923, Anki
Duolingo, 1458941424,1458941439, Duolingo
iTalki, 1459188778,1459188781, iTalki
Anki, 1459189092,1459189094, Anki
iTalki, 1459264793,1459264793, iTalki
iTalki, 1459264798,1459264837, iTalki
iTalki, 1459264843,1459266502, iTalki
Anki, 1459268027,1459268056, Anki
Anki, 1459343321,1459343912, Anki
Anki, 1459343918,1459344307, Anki
Anki, 1459385915,1459386536, Anki
Anki, 1459386930,1459387102, Anki
Anki, 1459450595,1459450713, Anki
Anki, 1459534768,1459534796, Anki
Anki, 1459543940,1459544263, Anki
Anki, 1459605329,1459605345, Anki
Anki, 1459608912,1459609042, Anki
Anki, 1459631428,1459631473, Anki
Anki, 1459731187,1459731467, Anki
Anki, 1459832683,1459832887, Anki
Anki, 1459864637,1459864651, Anki
Anki, 1459870684,1459870881, Anki
Anki, 1459960202,1459960926, Anki
iTalki, 1460131169,1460131206, iTalki
Anki, 1460133275,1460133552, Anki
Anki, 1460146331,1460146621, Anki
Anki, 1460261473,1460261477, Anki
Anki, 1460261676,1460261821, Anki
Anki, 1460305311,1460305523, Anki
Anki, 1460480377,1460480651, Anki
Anki, 1460746932,1460747049, Anki
Anki, 1460836824,1460836956, Anki
Anki, 1460858774,1460858784, Anki
Anki, 1460859487,1460859823, Anki
Anki, 1460912165,1460912316, Anki
Anki, 1462038621,1462038649, Anki
Anki, 1463662662,1463662687, Anki
Anki, 1463667589,1463668075, Anki
Anki, 1463670555,1463671596, Anki
Anki, 1463689924,1463689937, Anki
Anki, 1463690401,1463690408, Anki
Anki, 1463920898,1463921272, Anki
Anki, 1463921678,1463921883, Anki
Anki, 1463933709,1463933839, Anki
Anki, 1463933907,1463934074, Anki
Anki, 1463934102,1463934145, Anki
Anki, 1463958668,1463958790, Anki
Anki, 1463958831,1463959367, Anki
Anki, 1463964188,1463964282, Anki
Duolingo, 1463968341,1463968362, Duolingo
Anki, 1464014583,1464014702, Anki
Anki, 1464015977,1464016396, Anki
Anki, 1464106069,1464106256, Anki
Duolingo, 1464119105,1464119129, Duolingo
Anki, 1464198351,1464198507, Anki
Duolingo, 1464214755,1464214910, Duolingo
SpanishPod101, 1464216341,1464216342, SpanishPod101
Anki, 1464216352,1464216354, Anki
SpanishPod101, 1464216361,1464216384, SpanishPod101
SpanishPod101, 1464216390,1464216439, SpanishPod101
SpanishPod101, 1464224715,1464225306, SpanishPod101
Reading, 1464226837,1464226839, Reading
Reading, 1464226902,1464226910, Reading
Reading, 1464227459,1464227465, Reading
Anki, 1464228578,1464228770, Anki
Anki, 1464228838,1464228884, Anki
Anki, 1464228910,1464228932, Anki
Anki, 1464229044,1464229068, Anki
Anki, 1464229113,1464229144, Anki
Anki, 1464229426,1464229453, Anki
Anki, 1464229613,1464229637, Anki
Anki, 1464265135,1464265167, Anki
Anki, 1464266868,1464266888, Anki
SpanishPod101, 1464272573,1464273211, SpanishPod101
SpanishPod101, 1464273425,1464273793, SpanishPod101
SpanishPod101, 1464273930,1464275246, SpanishPod101
Anki, 1464275305,1464275340, Anki
SpanishPod101, 1464276649,1464276662, SpanishPod101
SpanishPod101, 1464276665,1464276667, SpanishPod101
SpanishPod101, 1464276668,1464276752, SpanishPod101
SpanishPod101, 1464277167,1464277614, SpanishPod101
SpanishPod101, 1464277745,1464278284, SpanishPod101
SpanishPod101, 1464278317,1464279072, SpanishPod101
SpanishPod101, 1464279135,1464279247, SpanishPod101
Anki, 1464280405,1464281493, Anki
Anki, 1464281690,1464281699, Anki
Anki, 1464281727,1464281740, Anki
Anki, 1464281746,1464281756, Anki
SpanishPod101, 1464282328,1464282881, SpanishPod101
Anki, 1464291261,1464291303, Anki
Anki, 1464292256,1464292269, Anki
Anki, 1464295581,1464295603, Anki
Anki, 1464295950,1464295977, Anki
Anki, 1464296012,1464296029, Anki
Anki, 1464301828,1464301852, Anki
Reading, 1464307459,1464310481, Reading
Reading, 1464310500,1464310507, Reading
Duolingo, 1464312550,1464312754, Duolingo
Duolingo, 1464312770,1464312778, Duolingo
Duolingo, 1464312804,1464312813, Duolingo
Anki, 1464352649,1464353074, Anki
Anki, 1464353230,1464353608, Anki
Anki, 1464355817,1464355991, Anki
Anki, 1464368686,1464368697, Anki
Anki, 1464372482,1464372499, Anki
Anki, 1464372536,1464372786, Anki
Anki, 1464372990,1464373277, Anki
Anki, 1464373463,1464373477, Anki
Duolingo, 1464377186,1464377203, Duolingo
Anki, 1464378831,1464378854, Anki
Duolingo, 1464380680,1464380846, Duolingo
Duolingo, 1464380885,1464380917, Duolingo
Duolingo, 1464380929,1464381517, Duolingo
Duolingo, 1464386553,1464386568, Duolingo
Anki, 1464441088,1464441564, Anki
Anki, 1464441658,1464441676, Anki
Anki, 1464441732,1464442749, Anki
Anki, 1464490480,1464490495, Anki
Reading, 1464490855,1464490857, Reading
Reading, 1464526249,1464528820, Reading
Anki, 1464528833,1464528834, Anki
Anki, 1464530769,1464531562, Anki
Anki, 1464539013,1464539033, Anki
Anki, 1464566599,1464566776, Anki
Anki, 1464566823,1464566865, Anki
Anki, 1464570177,1464571247, Anki
Reading, 1464614400,1464618655, Reading
Duolingo, 1464618668,1464618669, Duolingo
Anki, 1464636650,1464637107, Anki
Duolingo, 1464639412,1464639424, Duolingo
Anki, 1464640557,1464642186, Anki
Reading, 1464698356,1464700329, Reading
Duolingo, 1464700351,1464700352, Duolingo
Anki, 1464737006,1464737060, Anki
Anki, 1464737482,1464737623, Anki
Anki, 1464744449,1464744894, Anki
Anki, 1464745085,1464745736, Anki
Anki, 1464745898,1464746351, Anki
Anki, 1464746476,1464746602, Anki
Anki, 1464831205,1464831830, Anki
Anki, 1464909362,1464909415, Anki
Anki, 1464909557,1464909576, Anki
Anki, 1465006751,1465006818, Anki
Anki, 1465006842,1465007501, Anki
Anki, 1465052000,1465052453, Anki
Anki, 1465052476,1465052514, Anki
Anki, 1465052537,1465052587, Anki
Anki, 1465052641,1465052831, Anki
iTalki, 1465388645,1465388647, iTalki
Anki, 1465388687,1465388712, Anki
Anki, 1465750317,1465752391, Anki
Anki, 1466013192,1466013718, Anki
Anki, 1466013894,1466014109, Anki
Anki, 1466080985,1466081128, Anki
Anki, 1466171639,1466171655, Anki
Anki, 1466259674,1466259816, Anki
Anki, 1466259928,1466260169, Anki
Anki, 1466425148,1466425160, Anki
Anki, 1466485191,1466485201, Anki
Other (Active), 1466543179,1466543391, Other (Active)
Other (Active), 1466543438,1466543496, Other (Active)
Other (Active), 1466543528,1466543652, Other (Active)
Other (Active), 1466543661,1466544098, Other (Active)
Reading, 1466563068,1466563073, Reading
Reading, 1466563138,1466564453, Reading
Anki, 1466649599,1466649641, Anki
Anki, 1466711772,1466712401, Anki
Anki, 1466874884,1466875191, Anki
Anki, 1466902091,1466902106, Anki
Anki, 1467144565,1467144896, Anki
Anki, 1467150922,1467151028, Anki
Other (Active), 1467171123,1467171279, Other (Active)
Other (Active), 1467171590,1467173325, Other (Active)
Reading, 1467173523,1467174426, Reading
Other (Active), 1467174429,1467175478, Other (Active)
Other (Active), 1467204939,1467206668, Other (Active)
Anki, 1467239322,1467239492, Anki
Duolingo, 1467256671,1467256674, Duolingo
Reading, 1467259613,1467260053, Reading
Reading, 1467260907,1467261963, Reading
Anki, 1467313975,1467313979, Anki
SpanishPod101, 1467331136,1467331437, SpanishPod101
Other, 1467331871,1467331997, Other
Duolingo, 1467332385,1467332406, Duolingo
Duolingo, 1467333870,1467333968, Duolingo
Anki, 1467333975,1467333980, Anki
Anki, 1467338930,1467338985, Anki
Reading, 1467339629,1467339980, Reading
Other (Active), 1467342151,1467342152, Other (Active)
Other (Active), 1467342156,1467342178, Other (Active)
Other (Active), 1467342192,1467343941, Other (Active)
Reading, 1467344841,1467345183, Reading
Anki, 1467386708,1467386747, Anki
HelloTalk, 1467387679,1467387683, HelloTalk
HelloTalk, 1467387687,1467387765, HelloTalk
HelloTalk, 1467387785,1467388158, HelloTalk
HelloTalk, 1467388172,1467388412, HelloTalk
HelloTalk, 1467389134,1467389165, HelloTalk
HelloTalk, 1467389186,1467389261, HelloTalk
HelloTalk, 1467389329,1467389402, HelloTalk
HelloTalk, 1467389469,1467389519, HelloTalk
HelloTalk, 1467389545,1467389549, HelloTalk
HelloTalk, 1467389566,1467389599, HelloTalk
HelloTalk, 1467389616,1467389654, HelloTalk
HelloTalk, 1467389675,1467389713, HelloTalk
HelloTalk, 1467389724,1467389900, HelloTalk
HelloTalk, 1467389902,1467389946, HelloTalk
Anki, 1467389968,1467390004, Anki
HelloTalk, 1467390005,1467390087, HelloTalk
HelloTalk, 1467390102,1467390331, HelloTalk
HelloTalk, 1467390345,1467390730, HelloTalk
HelloTalk, 1467390944,1467390989, HelloTalk
HelloTalk, 1467390996,1467391019, HelloTalk
HelloTalk, 1467391067,1467391128, HelloTalk
HelloTalk, 1467391155,1467391202, HelloTalk
HelloTalk, 1467392637,1467392747, HelloTalk
HelloTalk, 1467397202,1467397354, HelloTalk
HelloTalk, 1467397424,1467397457, HelloTalk
Anki, 1467401946,1467401970, Anki
HelloTalk, 1467411588,1467411624, HelloTalk
HelloTalk, 1467411697,1467411703, HelloTalk
HelloTalk, 1467411790,1467411791, HelloTalk
HelloTalk, 1467411866,1467412053, HelloTalk
HelloTalk, 1467413437,1467413462, HelloTalk
HelloTalk, 1467413815,1467414089, HelloTalk
HelloTalk, 1467414146,1467414212, HelloTalk
HelloTalk, 1467414231,1467414390, HelloTalk
HelloTalk, 1467414403,1467414696, HelloTalk
HelloTalk, 1467414708,1467414807, HelloTalk
HelloTalk, 1467414845,1467414959, HelloTalk
HelloTalk, 1467415003,1467415017, HelloTalk
HelloTalk, 1467415041,1467415088, HelloTalk
HelloTalk, 1467415090,1467415100, HelloTalk
HelloTalk, 1467415115,1467415295, HelloTalk
HelloTalk, 1467415653,1467415743, HelloTalk
HelloTalk, 1467416263,1467416272, HelloTalk
HelloTalk, 1467416851,1467417152, HelloTalk
HelloTalk, 1467417169,1467417244, HelloTalk
HelloTalk, 1467417495,1467417511, HelloTalk
HelloTalk, 1467417784,1467417884, HelloTalk
HelloTalk, 1467418012,1467418509, HelloTalk
HelloTalk, 1467418559,1467418875, HelloTalk
HelloTalk, 1467418947,1467418963, HelloTalk
HelloTalk, 1467419012,1467419024, HelloTalk
HelloTalk, 1467419141,1467419145, HelloTalk
HelloTalk, 1467419195,1467419196, HelloTalk
HelloTalk, 1467420321,1467420357, HelloTalk
HelloTalk, 1467421612,1467421627, HelloTalk
HelloTalk, 1467421629,1467421640, HelloTalk
HelloTalk, 1467422671,1467422726, HelloTalk
HelloTalk, 1467425250,1467425315, HelloTalk
HelloTalk, 1467425340,1467425404, HelloTalk
HelloTalk, 1467425428,1467425453, HelloTalk
HelloTalk, 1467425502,1467425535, HelloTalk
HelloTalk, 1467425550,1467425636, HelloTalk
HelloTalk, 1467464033,1467464034, HelloTalk
Reading, 1467464190,1467466801, Reading
Anki, 1467468720,1467469504, Anki
Anki, 1467471937,1467471955, Anki
Anki, 1467474704,1467474720, Anki
Anki, 1467482324,1467482343, Anki
Anki, 1467482373,1467482390, Anki
Anki, 1467482472,1467482486, Anki
Anki, 1467483110,1467483141, Anki
Anki, 1467483189,1467483203, Anki
Anki, 1467483312,1467483322, Anki
Anki, 1467483625,1467483631, Anki
Anki, 1467484200,1467484223, Anki
Anki, 1467484504,1467484531, Anki
HelloTalk, 1467489194,1467489260, HelloTalk
Anki, 1467489917,1467489966, Anki
Anki, 1467490077,1467490102, Anki
Anki, 1467490931,1467490954, Anki
Anki, 1467491987,1467491999, Anki
Anki, 1467494713,1467494822, Anki
Anki, 1467496659,1467496675, Anki
Anki, 1467497207,1467497244, Anki
Anki, 1467501426,1467501518, Anki
Anki, 1467504340,1467504364, Anki
Anki, 1467514581,1467514677, Anki
Anki, 1467514719,1467514916, Anki
Anki, 1467515028,1467515066, Anki
Anki, 1467515084,1467515395, Anki
Anki, 1467515425,1467515708, Anki
Anki, 1467549533,1467549539, Anki
Anki, 1467552302,1467552370, Anki
Anki, 1467552413,1467552454, Anki
Anki, 1467552628,1467552641, Anki
Anki, 1467552953,1467552973, Anki
Anki, 1467553158,1467553257, Anki
Anki, 1467553334,1467553406, Anki
Anki, 1467553471,1467553677, Anki
Anki, 1467553747,1467553880, Anki
Anki, 1467554817,1467555147, Anki
Anki, 1467563480,1467563515, Anki
Anki, 1467570775,1467570799, Anki
Anki, 1467572552,1467572745, Anki
Anki, 1467572809,1467573290, Anki
Anki, 1467573957,1467574379, Anki
Anki, 1467587803,1467587829, Anki
Anki, 1467588147,1467588193, Anki
Anki, 1467588380,1467588407, Anki
Anki, 1467591128,1467591170, Anki
Anki, 1467594788,1467594815, Anki
Anki, 1467595012,1467595033, Anki
Anki, 1467595069,1467595233, Anki
Anki, 1467595259,1467595415, Anki
Anki, 1467595511,1467595532, Anki
Anki, 1467595581,1467595594, Anki
Anki, 1467595980,1467596011, Anki
SpanishPod101, 1467646530,1467647119, SpanishPod101
Anki, 1467647122,1467647215, Anki
SpanishPod101, 1467647652,1467648143, SpanishPod101
Anki, 1467651489,1467651490, Anki
Anki, 1467656917,1467656931, Anki
Anki, 1467672004,1467672022, Anki
Anki, 1467675396,1467675409, Anki
Anki, 1467682633,1467682712, Anki
Anki, 1467684180,1467684200, Anki
Anki, 1467684215,1467684233, Anki
Anki, 1467685686,1467685963, Anki
Anki, 1467686029,1467686425, Anki
Anki, 1467688432,1467688863, Anki
Reading, 1467723435,1467723436, Reading
HelloTalk, 1467836002,1467836129, HelloTalk
HelloTalk, 1467836177,1467836183, HelloTalk
HelloTalk, 1467836211,1467836274, HelloTalk
Other, 1467927784,1467929767, Other
HelloTalk, 1467981057,1467981070, HelloTalk
Other, 1467981310,1467981312, Other
Anki, 1467981320,1467981483, Anki
Anki, 1468030625,1468030780, Anki
Anki, 1468160238,1468160242, Anki
Reading, 1468287051,1468287303, Reading
Reading, 1468288743,1468288754, Reading
Reading, 1468288997,1468289237, Reading
Anki, 1468289255,1468289301, Anki
Reading, 1468289528,1468289692, Reading
Reading, 1468289803,1468290239, Reading
Reading, 1468290252,1468291788, Reading
Reading, 1468364837,1468366465, Reading
Anki, 1468369029,1468369517, Anki
Anki, 1468373411,1468374582, Anki
Reading, 1468376033,1468376513, Reading
Anki, 1468376521,1468376521, Anki
Reading, 1468376524,1468377773, Reading
Reading, 1468377793,1468377943, Reading
Reading, 1468377956,1468378442, Reading
Anki, 1468434202,1468434229, Anki
Anki, 1468443699,1468443982, Anki
SpanishPod101, 1468459783,1468459786, SpanishPod101
HelloTalk, 1468467640,1468467649, HelloTalk
Anki, 1468524244,1468524312, Anki
Anki, 1468524526,1468524562, Anki
Anki, 1468600140,1468600456, Anki
Anki, 1468600458,1468600660, Anki
Anki, 1468761675,1468761737, Anki
Anki, 1468791809,1468791883, Anki
Anki, 1468791900,1468792225, Anki
Anki, 1468792872,1468793205, Anki
Anki, 1468794697,1468794832, Anki
Anki, 1468880429,1468880434, Anki
Anki, 1468880882,1468880909, Anki
Anki, 1468952504,1468953037, Anki
Anki, 1468968914,1468968917, Anki
Anki, 1468974015,1468974140, Anki
Anki, 1469032875,1469032959, Anki
Anki, 1469043769,1469043842, Anki
Anki, 1469058818,1469058949, Anki
Anki, 1469058949,1469058952, Anki
Anki, 1469059701,1469059973, Anki
Anki, 1469120170,1469120215, Anki
Anki, 1469120277,1469120296, Anki
Anki, 1469189837,1469190309, Anki
Anki, 1469197694,1469197697, Anki
Anki, 1469203229,1469203479, Anki
Anki, 1469207221,1469207227, Anki
Anki, 1469210162,1469210216, Anki
Anki, 1469210987,1469211275, Anki
Anki, 1469213099,1469213119, Anki
Anki, 1469215044,1469215069, Anki
Anki, 1469216376,1469216588, Anki
Anki, 1469230417,1469230475, Anki
Anki, 1469231885,1469231902, Anki
Anki, 1469232360,1469232668, Anki
Anki, 1469232853,1469233284, Anki
Anki, 1469329969,1469330571, Anki
Anki, 1469364082,1469364157, Anki
Anki, 1469393400,1469393423, Anki
Anki, 1469533466,1469533656, Anki
LingQ, 1469539207,1469539214, LingQ
Anki, 1469544571,1469544881, Anki
Anki, 1469545200,1469545285, Anki
Anki, 1469551479,1469551561, Anki
LingQ, 1469553752,1469553869, LingQ
LingQ, 1469554397,1469554768, LingQ
Anki, 1469557075,1469557562, Anki
LingQ, 1469564572,1469575944, LingQ
LingQ, 1469580641,1469580643, LingQ
LingQ, 1469587906,1469588728, LingQ
LingQ, 1469622308,1469622803, LingQ
LingQ, 1469622864,1469622900, LingQ
Anki, 1469638810,1469639037, Anki
Anki, 1469642413,1469642948, Anki
LingQ, 1469642951,1469643258, LingQ
LingQ, 1469645737,1469648875, LingQ
LingQ, 1469672375,1469676110, LingQ
LingQ, 1469734348,1469734965, LingQ
Anki, 1469798485,1469798547, Anki
Duolingo, 1469798563,1469798572, Duolingo
LingQ, 1469836120,1469838702, LingQ
LingQ, 1469876305,1469881111, LingQ
Anki, 1469884538,1469884577, Anki
Anki, 1469884612,1469885159, Anki
LingQ, 1469897256,1469899365, LingQ
LingQ, 1469903511,1469903626, LingQ
LingQ, 1469903796,1469904005, LingQ
LingQ, 1469910255,1469910750, LingQ
LingQ, 1469910784,1469911117, LingQ
LingQ, 1469911153,1469912801, LingQ
LingQ, 1469923979,1469925963, LingQ
LingQ, 1469976901,1469976981, LingQ
Anki, 1469976987,1469976990, Anki
LingQ, 1469976996,1469977016, LingQ
LingQ, 1469993370,1469993901, LingQ
LingQ, 1469993902,1469994039, LingQ
Anki, 1469994141,1469994377, Anki
Duolingo, 1469994660,1469994660, Duolingo
LingQ, 1470060975,1470062707, LingQ
LingQ, 1470063056,1470064133, LingQ
LingQ, 1470080830,1470083190, LingQ
LingQ, 1470085422,1470087711, LingQ
Anki, 1470089738,1470089845, Anki
LingQ, 1470090723,1470091385, LingQ
LingQ, 1470091831,1470093222, LingQ
LingQ, 1470198238,1470199257, LingQ
LingQ, 1470255133,1470257401, LingQ
Anki, 1470258287,1470258308, Anki
LingQ, 1470277356,1470277365, LingQ
LingQ, 1470279402,1470279526, LingQ
LingQ, 1470279533,1470279959, LingQ
LingQ, 1470280782,1470280784, LingQ
LingQ, 1470356777,1470357123, LingQ
LingQ, 1470366546,1470368537, LingQ
LingQ, 1470370015,1470370865, LingQ
LingQ, 1470372332,1470372916, LingQ
LingQ, 1470400824,1470402044, LingQ
Anki, 1470415404,1470415456, Anki
Anki, 1470420854,1470421000, Anki
LingQ, 1470431303,1470432846, LingQ
LingQ, 1470435102,1470435256, LingQ
LingQ, 1470436163,1470436430, LingQ
LingQ, 1470436539,1470436573, LingQ
Anki, 1470438071,1470438753, Anki
LingQ, 1470455327,1470455388, LingQ
LingQ, 1470455412,1470455499, LingQ
LingQ, 1470455531,1470456067, LingQ
LingQ, 1470492746,1470496344, LingQ
LingQ, 1470497099,1470497630, LingQ
LingQ, 1470498333,1470500887, LingQ
LingQ, 1470501076,1470501427, LingQ
Anki, 1470509340,1470509348, Anki
Anki, 1470509358,1470509566, Anki
LingQ, 1470516812,1470519504, LingQ
LingQ, 1470519882,1470519898, LingQ
LingQ, 1470520785,1470521693, LingQ
LingQ, 1470522075,1470523308, LingQ
LingQ, 1470523376,1470524462, LingQ
LingQ, 1470573891,1470575281, LingQ
LingQ, 1470575315,1470578426, LingQ
LingQ, 1470596525,1470601861, LingQ
LingQ, 1470601953,1470601961, LingQ
LingQ, 1470602053,1470602407, LingQ
Anki, 1470609004,1470609169, Anki
LingQ, 1470689584,1470692657, LingQ
LingQ, 1470692687,1470695264, LingQ
LingQ, 1470695436,1470695976, LingQ
LingQ, 1470695993,1470696029, LingQ
LingQ, 1470696339,1470696387, LingQ
LingQ, 1470710557,1470711695, LingQ
Anki, 1470740615,1470740906, Anki
LingQ, 1470740910,1470740939, LingQ
Anki, 1470754714,1470754882, Anki
LingQ, 1470913825,1470914626, LingQ
LingQ, 1470914628,1470915730, LingQ
Anki, 1470920737,1470920768, Anki
LingQ, 1470925387,1470925588, LingQ
LingQ, 1470925637,1470926655, LingQ
LingQ, 1470926725,1470928209, LingQ
LingQ, 1470929385,1470931355, LingQ
LingQ, 1470931406,1470932074, LingQ
LingQ, 1470932182,1470932569, LingQ
LingQ, 1470932740,1470932813, LingQ
LingQ, 1470938736,1470938768, LingQ
LingQ, 1470939748,1470939900, LingQ
LingQ, 1470940297,1470940440, LingQ
LingQ, 1470940526,1470940559, LingQ
LingQ, 1470940649,1470940696, LingQ
LingQ, 1470942208,1470942366, LingQ
LingQ, 1470943283,1470943811, LingQ
LingQ, 1470943954,1470944140, LingQ
LingQ, 1470948403,1470948420, LingQ
LingQ, 1470950977,1470951261, LingQ
LingQ, 1470951796,1470952023, LingQ
LingQ, 1470952220,1470952264, LingQ
LingQ, 1470953047,1470954024, LingQ
LingQ, 1470954150,1470954452, LingQ
LingQ, 1470955110,1470955136, LingQ
LingQ, 1470955162,1470955256, LingQ
Anki, 1470955266,1470955404, Anki
LingQ, 1470955521,1470955555, LingQ
LingQ, 1470955726,1470956144, LingQ
LingQ, 1470956171,1470957253, LingQ
LingQ, 1470957317,1470957347, LingQ
LingQ, 1470957452,1470957490, LingQ
LingQ, 1470957587,1470957627, LingQ
LingQ, 1470957733,1470958358, LingQ
LingQ, 1470958558,1470958638, LingQ
LingQ, 1470959283,1470959780, LingQ
LingQ, 1470959881,1470959967, LingQ
LingQ, 1470960013,1470960049, LingQ
LingQ, 1470960066,1470960093, LingQ
LingQ, 1470960473,1470960567, LingQ
LingQ, 1470961410,1470961526, LingQ
LingQ, 1470961643,1470961688, LingQ
LingQ, 1470962286,1470962304, LingQ
LingQ, 1470997529,1470998645, LingQ
LingQ, 1470999650,1471000929, LingQ
LingQ, 1471001144,1471001272, LingQ
LingQ, 1471001741,1471001896, LingQ
LingQ, 1471055581,1471055585, LingQ
LingQ, 1471094383,1471097500, LingQ
LingQ, 1471097782,1471099204, LingQ
LingQ, 1471103013,1471105069, LingQ
LingQ, 1471113607,1471117575, LingQ
LingQ, 1471137237,1471137272, LingQ
LingQ, 1471139478,1471140428, LingQ
LingQ, 1471140446,1471140689, LingQ
LingQ, 1471174542,1471178530, LingQ
LingQ, 1471191420,1471191820, LingQ
LingQ, 1471191964,1471191965, LingQ
LingQ, 1471220131,1471220220, LingQ
LingQ, 1471220625,1471222483, LingQ
LingQ, 1471222604,1471222973, LingQ
LingQ, 1471223054,1471223572, LingQ
LingQ, 1471224592,1471226050, LingQ
LingQ, 1471227969,1471228436, LingQ
LingQ, 1471229883,1471230636, LingQ
LingQ, 1471230687,1471231758, LingQ
LingQ, 1471270170,1471270198, LingQ
LingQ, 1471270334,1471272002, LingQ
LingQ, 1471281270,1471281290, LingQ
LingQ, 1471281766,1471282157, LingQ
LingQ, 1471282196,1471282329, LingQ
LingQ, 1471282357,1471284642, LingQ
LingQ, 1471285369,1471286329, LingQ
Anki, 1471290699,1471290706, Anki
LingQ, 1471295381,1471297292, LingQ
LingQ, 1471297356,1471297999, LingQ
LingQ, 1471298021,1471298487, LingQ
LingQ, 1471298488,1471298490, LingQ
LingQ, 1471298525,1471299490, LingQ
LingQ, 1471304170,1471304819, LingQ
LingQ, 1471307275,1471308499, LingQ
LingQ, 1471308505,1471308527, LingQ
LingQ, 1471308534,1471310525, LingQ
LingQ, 1471315112,1471316182, LingQ
LingQ, 1471316468,1471316587, LingQ
LingQ, 1471376250,1471379207, LingQ
LingQ, 1471476034,1471479213, LingQ
LingQ, 1471480036,1471481060, LingQ
LingQ, 1471486246,1471487041, LingQ
LingQ, 1471529174,1471529454, LingQ
LingQ, 1471605770,1471608357, LingQ
LingQ, 1471608380,1471609165, LingQ
LingQ, 1471661449,1471662643, LingQ
LingQ, 1471697832,1471699211, LingQ
LingQ, 1471699215,1471699962, LingQ
LingQ, 1471700037,1471700093, LingQ
Anki, 1471821288,1471821678, Anki
Anki, 1471821691,1471821819, Anki
Anki, 1471833492,1471833496, Anki
LingQ, 1471833499,1471833501, LingQ
Other, 1471833615,1471833629, Other
LingQ, 1471834818,1471834997, LingQ
LingQ, 1471835074,1471835473, LingQ
LingQ, 1471869015,1471870643, LingQ
LingQ, 1471923922,1471923968, LingQ
LingQ, 1471993682,1471993737, LingQ
LingQ, 1471993741,1471993990, LingQ
LingQ, 1471994018,1471994033, LingQ
LingQ, 1471994089,1471994113, LingQ
LingQ, 1472000084,1472000389, LingQ
LingQ, 1472000547,1472000650, LingQ
LingQ, 1472000729,1472000967, LingQ
LingQ, 1472000980,1472001398, LingQ
LingQ, 1472051998,1472054785, LingQ
LingQ, 1472054790,1472054812, LingQ
LingQ, 1472080217,1472080293, LingQ
LingQ, 1472080533,1472082398, LingQ
LingQ, 1472092742,1472092816, LingQ
LingQ, 1472092927,1472092961, LingQ
LingQ, 1472092987,1472093490, LingQ
LingQ, 1472093501,1472093768, LingQ
LingQ, 1472093839,1472093884, LingQ
LingQ, 1472093939,1472093967, LingQ
LingQ, 1472094008,1472094214, LingQ
LingQ, 1472094329,1472094419, LingQ
LingQ, 1472094744,1472094923, LingQ
LingQ, 1472094975,1472096154, LingQ
Reading, 1472126598,1472126600, Reading
LingQ, 1472126610,1472126639, LingQ
LingQ, 1472133122,1472134096, LingQ
LingQ, 1472134120,1472135308, LingQ
LingQ, 1472135428,1472137707, LingQ
LingQ, 1472137726,1472138271, LingQ
LingQ, 1472138504,1472138566, LingQ
Anki, 1472150927,1472152408, Anki
LingQ, 1472156290,1472156355, LingQ
LingQ, 1472156369,1472156682, LingQ
LingQ, 1472162192,1472162459, LingQ
LingQ, 1472162493,1472162621, LingQ
LingQ, 1472162657,1472162998, LingQ
LingQ, 1472163027,1472164511, LingQ
LingQ, 1472167972,1472168001, LingQ
LingQ, 1472173327,1472173336, LingQ
LingQ, 1472173548,1472173572, LingQ
LingQ, 1472173732,1472173736, LingQ
LingQ, 1472328520,1472328692, LingQ
LingQ, 1472328848,1472328868, LingQ
LingQ, 1472330242,1472331711, LingQ
LingQ, 1472331735,1472332250, LingQ
LingQ, 1472332322,1472332405, LingQ
LingQ, 1472334629,1472335829, LingQ
LingQ, 1472335951,1472336140, LingQ
LingQ, 1472336263,1472336327, LingQ
LingQ, 1472336428,1472336460, LingQ
LingQ, 1472336555,1472337318, LingQ
LingQ, 1472337378,1472337562, LingQ
LingQ, 1472353661,1472353693, LingQ
LingQ, 1472353742,1472353749, LingQ
LingQ, 1472353840,1472353842, LingQ
LingQ, 1472354030,1472354039, LingQ
LingQ, 1472354075,1472354099, LingQ
LingQ, 1472354140,1472354995, LingQ
LingQ, 1472355020,1472355470, LingQ
LingQ, 1472361113,1472361129, LingQ
Anki, 1472398408,1472399267, Anki
LingQ, 1472404982,1472405622, LingQ
LingQ, 1472405847,1472407028, LingQ
LingQ, 1472407076,1472408275, LingQ
LingQ, 1472410373,1472410630, LingQ
LingQ, 1472412020,1472412698, LingQ
LingQ, 1472412783,1472413186, LingQ
LingQ, 1472413364,1472413517, LingQ
LingQ, 1472413570,1472413584, LingQ
LingQ, 1472414148,1472414975, LingQ
LingQ, 1472423568,1472423579, LingQ
LingQ, 1472432541,1472433097, LingQ
LingQ, 1472434594,1472434620, LingQ
LingQ, 1472434661,1472434676, LingQ
LingQ, 1472434935,1472434974, LingQ
LingQ, 1472437536,1472438043, LingQ
LingQ, 1472438098,1472438771, LingQ
LingQ, 1472473546,1472473609, LingQ
LingQ, 1472473786,1472473798, LingQ
LingQ, 1472473827,1472473909, LingQ
LingQ, 1472477118,1472478212, LingQ
LingQ, 1472478288,1472478635, LingQ
LingQ, 1472479026,1472481020, LingQ
LingQ, 1472489557,1472489590, LingQ
LingQ, 1472490485,1472490506, LingQ
LingQ, 1472497401,1472497624, LingQ
LingQ, 1472498039,1472498041, LingQ
LingQ, 1472499183,1472502594, LingQ
LingQ, 1472504834,1472506543, LingQ
LingQ, 1472506575,1472506683, LingQ
LingQ, 1472524392,1472525463, LingQ
Anki, 1472525580,1472525582, Anki
LingQ, 1472527505,1472528232, LingQ
Reading, 1472571293,1472571442, Reading
Reading, 1472571479,1472571647, Reading
Reading, 1472571812,1472572196, Reading
Reading, 1472572344,1472573217, Reading
Reading, 1472574095,1472574306, Reading
Reading, 1472574741,1472574902, Reading
LingQ, 1472575018,1472576330, LingQ
LingQ, 1472579793,1472579857, LingQ
Reading, 1472580122,1472580602, Reading
Reading, 1472580969,1472581308, Reading
Reading, 1472584407,1472584514, Reading
Reading, 1472584561,1472585170, Reading
Reading, 1472585348,1472585776, Reading
Reading, 1472585786,1472586168, Reading
Reading, 1472586191,1472586502, Reading
LingQ, 1472587129,1472587142, LingQ
LingQ, 1472587373,1472587375, LingQ
Reading, 1472587634,1472587744, Reading
Reading, 1472587774,1472588372, Reading
Reading, 1472588394,1472588899, Reading
Anki, 1472590255,1472590461, Anki
Reading, 1472593190,1472593326, Reading
Reading, 1472593353,1472594349, Reading
LingQ, 1472666677,1472667147, LingQ
LingQ, 1472671972,1472674011, LingQ
LingQ, 1472693185,1472693204, LingQ
LingQ, 1472693217,1472695916, LingQ
LingQ, 1472696023,1472698239, LingQ
Anki, 1472699807,1472699853, Anki
LingQ, 1472700790,1472701112, LingQ
LingQ, 1472701179,1472702029, LingQ
LingQ, 1472733413,1472733569, LingQ
LingQ, 1472733838,1472733941, LingQ
LingQ, 1472734037,1472736499, LingQ
LingQ, 1472736558,1472737999, LingQ
LingQ, 1472738113,1472738587, LingQ
LingQ, 1472738623,1472739215, LingQ
LingQ, 1472748605,1472750530, LingQ
LingQ, 1472750682,1472751423, LingQ
LingQ, 1472753913,1472754533, LingQ
LingQ, 1472754609,1472755169, LingQ
LingQ, 1472758860,1472759057, LingQ
LingQ, 1472768288,1472769848, LingQ
Other, 1472772177,1472772841, Other
Reading, 1472772940,1472772942, Reading
Other, 1472772944,1472773541, Other
Other, 1472773625,1472774674, Other
Reading, 1472774689,1472774690, Reading
Other, 1472774694,1472775657, Other
Other, 1472775672,1472776323, Other
LingQ, 1472824304,1472824738, LingQ
LingQ, 1472825301,1472825494, LingQ
LingQ, 1472831090,1472833020, LingQ
LingQ, 1472833250,1472833267, LingQ
LingQ, 1472833280,1472833789, LingQ
LingQ, 1472858970,1472859341, LingQ
LingQ, 1472959398,1472959434, LingQ
LingQ, 1472959594,1472960154, LingQ
LingQ, 1472960159,1472961329, LingQ
Anki, 1472988495,1472988506, Anki
LingQ, 1472988881,1472988897, LingQ
LingQ, 1472989309,1472989417, LingQ
LingQ, 1472989465,1472991064, LingQ
LingQ, 1472991132,1472993019, LingQ
Other, 1473002447,1473002949, Other
Other, 1473002985,1473003076, Other
Anki, 1473003104,1473003574, Anki
Other, 1473003935,1473004442, Other
Other, 1473021631,1473021740, Other
Other, 1473041074,1473041087, Other
Other, 1473041233,1473041462, Other
LingQ, 1473045133,1473045156, LingQ
LingQ, 1473045171,1473045231, LingQ
LingQ, 1473045311,1473045399, LingQ
LingQ, 1473045423,1473045526, LingQ
LingQ, 1473045532,1473047845, LingQ
LingQ, 1473080500,1473081634, LingQ
LingQ, 1473081636,1473082190, LingQ
Other, 1473105049,1473105652, Other
LingQ, 1473130346,1473130387, LingQ
LingQ, 1473130607,1473130640, LingQ
LingQ, 1473130771,1473130878, LingQ
LingQ, 1473130994,1473131166, LingQ
LingQ, 1473132333,1473133668, LingQ
LingQ, 1473164444,1473165930, LingQ
LingQ, 1473166352,1473167256, LingQ
LingQ, 1473176826,1473177158, LingQ
LingQ, 1473177264,1473177266, LingQ
LingQ, 1473177356,1473177843, LingQ
LingQ, 1473177948,1473177953, LingQ
LingQ, 1473178029,1473178060, LingQ
Other, 1473178063,1473178089, Other
LingQ, 1473178095,1473178165, LingQ
LingQ, 1473215485,1473215507, LingQ
LingQ, 1473215841,1473216027, LingQ
Anki, 1473216577,1473216583, Anki
LingQ, 1473216601,1473217763, LingQ
LingQ, 1473246063,1473248553, LingQ
Anki, 1473273673,1473273784, Anki
Anki, 1473274219,1473274332, Anki
Other, 1473274407,1473274792, Other
Other, 1473274868,1473275096, Other
LingQ, 1473280029,1473280046, LingQ
Anki, 1473337713,1473337852, Anki
LingQ, 1473337868,1473338465, LingQ
LingQ, 1473338558,1473338773, LingQ
LingQ, 1473353233,1473354389, LingQ
LingQ, 1473365655,1473365687, LingQ
LingQ, 1473462949,1473463292, LingQ
LingQ, 1473463303,1473463875, LingQ
LingQ, 1473502269,1473503757, LingQ
Anki, 1473520978,1473521092, Anki
LingQ, 1473542373,1473542393, LingQ
LingQ, 1473542425,1473542981, LingQ
LingQ, 1473543003,1473543036, LingQ
LingQ, 1473543041,1473543298, LingQ
LingQ, 1473543327,1473543340, LingQ
Anki, 1473637706,1473637718, Anki
LingQ, 1473637794,1473637951, LingQ
LingQ, 1473650642,1473651056, LingQ
LingQ, 1473741126,1473741564, LingQ
Anki, 1473886302,1473886343, Anki
Anki, 1474156014,1474156036, Anki
LingQ, 1474156037,1474156041, LingQ
iTalki, 1475480145,1475480148, iTalki
LingQ, 1476190878,1476191878, LingQ
LingQ, 1476191956,1476194126, LingQ
LingQ, 1476194340,1476195218, LingQ
LingQ, 1476238319,1476238324, LingQ
LingQ, 1476240114,1476240410, LingQ
LingQ, 1476272307,1476272308, LingQ
LingQ, 1476529382,1476531232, LingQ
LingQ, 1476536192,1476536400, LingQ
LingQ, 1476536582,1476538048, LingQ
LingQ, 1476583075,1476583171, LingQ
LingQ, 1476583185,1476583201, LingQ
LingQ, 1476583747,1476585419, LingQ
Anki, 1476616988,1476617047, Anki
Anki, 1476617167,1476617257, Anki
LingQ, 1476626360,1476629055, LingQ
LingQ, 1476704696,1476704835, LingQ
LingQ, 1476705755,1476708997, LingQ
LingQ, 1476711046,1476711090, LingQ
LingQ, 1476844911,1476846472, LingQ
LingQ, 1476887956,1476889894, LingQ
LingQ, 1476938838,1476938858, LingQ
LingQ, 1476947714,1476949325, LingQ
LingQ, 1476950168,1476952035, LingQ
LingQ, 1477033477,1477033689, LingQ
LingQ, 1477033710,1477035004, LingQ
LingQ, 1477111734,1477112895, LingQ
LingQ, 1477112961,1477113028, LingQ
LingQ, 1477113053,1477113329, LingQ
LingQ, 1477135743,1477135743, LingQ
LingQ, 1477148681,1477151096, LingQ
LingQ, 1477207770,1477208150, LingQ
LingQ, 1477208557,1477208649, LingQ
LingQ, 1477208651,1477208688, LingQ
LingQ, 1477209189,1477210411, LingQ
LingQ, 1477217197,1477218171, LingQ
LingQ, 1477312839,1477314204, LingQ
LingQ, 1477314486,1477314820, LingQ
LingQ, 1477392154,1477392158, LingQ
iTalki, 1477401533,1477401534, iTalki
LingQ, 1477749644,1477749807, LingQ
Anki, 1477848566,1477848566, Anki
LingQ, 1477917534,1477917684, LingQ
LingQ, 1477918000,1477918997, LingQ
LingQ, 1478046906,1478047658, LingQ
Listening, 1478236638,1478236643, Listening
Listening, 1478236645,1478236646, Listening
Listening, 1478240714,1478242318, Listening
LingQ, 1478242332,1478242640, LingQ
LingQ, 1478242674,1478243462, LingQ
Listening, 1478245308,1478246482, Listening
Listening, 1478250271,1478250623, Listening
Listening, 1478303717,1478303722, Listening
LingQ, 1478320693,1478320810, LingQ
LingQ, 1478322321,1478323570, LingQ
Listening, 1478323575,1478323593, Listening
Listening, 1478328404,1478328564, Listening
Listening, 1478390878,1478393340, Listening
LingQ, 1478393345,1478393473, LingQ
Listening, 1478405657,1478407216, Listening
Listening, 1478408660,1478409046, Listening
Listening, 1478409076,1478409941, Listening
LingQ, 1478419666,1478421240, LingQ
LingQ, 1478425017,1478426912, LingQ
LingQ, 1478437717,1478437927, LingQ
Listening, 1478437927,1478437992, Listening
LingQ, 1478437999,1478438000, LingQ
LingQ, 1478438008,1478439694, LingQ
LingQ, 1478475452,1478476156, LingQ
LingQ, 1478476371,1478476573, LingQ
LingQ, 1478476580,1478477981, LingQ
LingQ, 1478478448,1478478744, LingQ
LingQ, 1478478782,1478478886, LingQ
Listening, 1478481210,1478481239, Listening
Listening, 1478481308,1478481350, Listening
Listening, 1478482546,1478482590, Listening
Listening, 1478482848,1478482848, Listening
Listening, 1478497554,1478498335, Listening
Listening, 1478499615,1478501746, Listening
Listening, 1478505971,1478508890, Listening
Listening, 1478510174,1478511081, Listening
LingQ, 1478532032,1478532781, LingQ
Listening, 1478565460,1478569939, Listening
Listening, 1478571964,1478572010, Listening
Listening, 1478572012,1478573661, Listening
Listening, 1478573666,1478573673, Listening
Listening, 1478574480,1478577389, Listening
Listening, 1478578151,1478579657, Listening
Listening, 1478579939,1478581174, Listening
Listening, 1478587832,1478588378, Listening
LingQ, 1478608019,1478608023, LingQ
LingQ, 1478608038,1478609719, LingQ
LingQ, 1478609725,1478610150, LingQ
LingQ, 1478611116,1478611398, LingQ
LingQ, 1478611489,1478612775, LingQ
LingQ, 1478612822,1478613079, LingQ
Listening, 1478646084,1478646332, Listening
Listening, 1478646504,1478646513, Listening
Listening, 1478646566,1478646703, Listening
LingQ, 1478647070,1478648910, LingQ
LingQ, 1478649325,1478649768, LingQ
Listening, 1478649785,1478649876, Listening
Listening, 1478650083,1478650281, Listening
Listening, 1478650464,1478650496, Listening
Listening, 1478650559,1478650619, Listening
LingQ, 1478654001,1478654002, LingQ
Listening, 1478654321,1478655445, Listening
Listening, 1478655517,1478660055, Listening
LingQ, 1478664365,1478664837, LingQ
LingQ, 1478667659,1478668520, LingQ
LingQ, 1478673681,1478674830, LingQ
LingQ, 1478676846,1478677729, LingQ
LingQ, 1478677854,1478679281, LingQ
LingQ, 1478681783,1478681998, LingQ
Listening, 1478685832,1478686589, Listening
LingQ, 1478704136,1478704383, LingQ
LingQ, 1478704390,1478704542, LingQ
LingQ, 1478704574,1478705513, LingQ
LingQ, 1478705735,1478705906, LingQ
Listening, 1478745785,1478747102, Listening
Listening, 1478747911,1478748683, Listening
Listening, 1478749070,1478749632, Listening
LingQ, 1478751385,1478751655, LingQ
LingQ, 1478751691,1478753625, LingQ
LingQ, 1478754169,1478755491, LingQ
LingQ, 1478756766,1478757407, LingQ
LingQ, 1478759164,1478760077, LingQ
Listening, 1478760308,1478760774, Listening
Listening, 1478761391,1478762374, Listening
Listening, 1478762393,1478762850, Listening
Listening, 1478762861,1478765295, Listening
Listening, 1478765387,1478765580, Listening
LingQ, 1478766982,1478767008, LingQ
Listening, 1478767013,1478771084, Listening
Listening, 1478771124,1478772556, Listening
Listening, 1478772591,1478772781, Listening
Listening, 1478772788,1478772789, Listening
Listening, 1478779291,1478779294, Listening
Listening, 1478780624,1478780647, Listening
Listening, 1478781423,1478781519, Listening
LingQ, 1478781530,1478783145, LingQ
LingQ, 1478818041,1478820048, LingQ
LingQ, 1478859545,1478860732, LingQ
LingQ, 1478860781,1478860934, LingQ
LingQ, 1478872243,1478872244, LingQ
LingQ, 1478872621,1478872624, LingQ
LingQ, 1478875655,1478876553, LingQ
Listening, 1478876596,1478876890, Listening
Listening, 1478877128,1478877566, Listening
Listening, 1478877571,1478877574, Listening
Listening, 1478902592,1478903795, Listening
LingQ, 1478903823,1478904911, LingQ
LingQ, 1478905482,1478906999, LingQ
Listening, 1478908900,1478909730, Listening
LingQ, 1478912090,1478912843, LingQ
Listening, 1478913433,1478913735, Listening
Listening, 1478913802,1478913945, Listening
Listening, 1478914142,1478915174, Listening
Listening, 1478915442,1478915798, Listening
Listening, 1478915885,1478917312, Listening
Listening, 1478924060,1478924327, Listening
Listening, 1478924464,1478926469, Listening
LingQ, 1478928755,1478930197, LingQ
LingQ, 1478931269,1478934095, LingQ
Listening, 1478936273,1478936354, Listening
LingQ, 1478936468,1478936570, LingQ
LingQ, 1478937258,1478937315, LingQ
LingQ, 1478937319,1478937328, LingQ
LingQ, 1478937332,1478937399, LingQ
Listening, 1478943896,1478943898, Listening
Listening, 1478943902,1478943909, Listening
Listening, 1478943928,1478944610, Listening
LingQ, 1478966511,1478967361, LingQ
LingQ, 1478968011,1478968142, LingQ
Listening, 1478999594,1479000112, Listening
Listening, 1479000700,1479000916, Listening
Listening, 1479000918,1479000919, Listening
Listening, 1479001004,1479001808, Listening
Listening, 1479002349,1479003287, Listening
Listening, 1479005327,1479007151, Listening
Listening, 1479011989,1479012047, Listening
Listening, 1479012093,1479012204, Listening
Listening, 1479012208,1479012386, Listening
Listening, 1479012422,1479012564, Listening
Listening, 1479012589,1479012739, Listening
Listening, 1479035150,1479035512, Listening
Listening, 1479035554,1479035658, Listening
Listening, 1479039127,1479041646, Listening
LingQ, 1479042407,1479043121, LingQ
LingQ, 1479048112,1479048335, LingQ
LingQ, 1479048367,1479048377, LingQ
LingQ, 1479048396,1479048560, LingQ
LingQ, 1479048586,1479050428, LingQ
LingQ, 1479052406,1479053050, LingQ
LingQ, 1479053247,1479054064, LingQ
LingQ, 1479054511,1479055110, LingQ
LingQ, 1479055170,1479057866, LingQ
LingQ, 1479085132,1479086999, LingQ
Listening, 1479087443,1479087596, Listening
Listening, 1479089551,1479089562, Listening
Listening, 1479089565,1479089778, Listening
LingQ, 1479090958,1479090973, LingQ
LingQ, 1479091123,1479093362, LingQ
Listening, 1479096351,1479097243, Listening
Listening, 1479098220,1479099293, Listening
Listening, 1479099464,1479102680, Listening
LingQ, 1479102761,1479102788, LingQ
LingQ, 1479103268,1479103341, LingQ
LingQ, 1479103358,1479106009, LingQ
LingQ, 1479106011,1479106011, LingQ
LingQ, 1479110251,1479110907, LingQ
LingQ, 1479111076,1479111150, LingQ
LingQ, 1479111275,1479111403, LingQ
LingQ, 1479111486,1479113208, LingQ
LingQ, 1479114111,1479116019, LingQ
LingQ, 1479116471,1479117588, LingQ
Listening, 1479119139,1479120799, Listening
Listening, 1479120804,1479120840, Listening
Listening, 1479120861,1479121517, Listening
Listening, 1479121535,1479121586, Listening
Listening, 1479121605,1479122308, Listening
Listening, 1479122858,1479124671, Listening
Listening, 1479124771,1479125166, Listening
Listening, 1479125268,1479127231, Listening
Listening, 1479127353,1479128107, Listening
LingQ, 1479129410,1479131985, LingQ
LingQ, 1479132061,1479132218, LingQ
LingQ, 1479132748,1479132977, LingQ
LingQ, 1479133542,1479133822, LingQ
LingQ, 1479135872,1479136337, LingQ
LingQ, 1479137078,1479137832, LingQ
Listening, 1479138496,1479138509, Listening
Listening, 1479138513,1479138722, Listening
Listening, 1479170947,1479170958, Listening
Listening, 1479170961,1479170987, Listening
Listening, 1479171456,1479171502, Listening
Listening, 1479172176,1479173640, Listening
Listening, 1479174532,1479174604, Listening
Listening, 1479180248,1479180256, Listening
Listening, 1479180259,1479180366, Listening
Listening, 1479180415,1479180445, Listening
Listening, 1479180604,1479180618, Listening
Listening, 1479182530,1479182555, Listening
Listening, 1479182933,1479183297, Listening
Listening, 1479183530,1479189002, Listening
Listening, 1479191575,1479194917, Listening
LingQ, 1479202822,1479204879, LingQ
LingQ, 1479207931,1479210849, LingQ
LingQ, 1479212356,1479212451, LingQ
LingQ, 1479213601,1479214068, LingQ
LingQ, 1479224544,1479225093, LingQ
LingQ, 1479225401,1479225406, LingQ
LingQ, 1479225594,1479225821, LingQ
LingQ, 1479225873,1479225978, LingQ
LingQ, 1479226318,1479226591, LingQ
LingQ, 1479226744,1479228648, LingQ
LingQ, 1479228744,1479228915, LingQ
LingQ, 1479259508,1479259621, LingQ
LingQ, 1479259974,1479260642, LingQ
Listening, 1479266428,1479268526, Listening
Listening, 1479268882,1479269019, Listening
Listening, 1479271371,1479271835, Listening
Listening, 1479271844,1479271999, Listening
Listening, 1479272442,1479273314, Listening
Listening, 1479273365,1479273831, Listening
Listening, 1479274068,1479274655, Listening
Listening, 1479274665,1479274775, Listening
Listening, 1479274839,1479274878, Listening
Listening, 1479278253,1479280996, Listening
Listening, 1479284178,1479287030, Listening
Listening, 1479291132,1479293521, Listening
Listening, 1479297143,1479298076, Listening
Listening, 1479298080,1479298238, Listening
Listening, 1479299933,1479302216, Listening
Listening, 1479302271,1479303209, Listening
LingQ, 1479308672,1479310333, LingQ
LingQ, 1479351710,1479352590, LingQ
LingQ, 1479354466,1479354783, LingQ
LingQ, 1479394506,1479394557, LingQ
LingQ, 1479394621,1479394918, LingQ
LingQ, 1479397464,1479397714, LingQ
LingQ, 1479397743,1479398147, LingQ
LingQ, 1479431139,1479431187, LingQ
Listening, 1479438253,1479440202, Listening
Listening, 1479440913,1479441501, Listening
Listening, 1479443315,1479451955, Listening
Listening, 1479459357,1479459374, Listening
Listening, 1479459377,1479459397, Listening
Listening, 1479459400,1479459422, Listening
LingQ, 1479460098,1479461375, LingQ
Listening, 1479466351,1479466758, Listening
LingQ, 1479466764,1479467732, LingQ
LingQ, 1479468303,1479469215, LingQ
LingQ, 1479471329,1479471482, LingQ
LingQ, 1479471535,1479472688, LingQ
LingQ, 1479477662,1479479276, LingQ
Listening, 1479479737,1479481024, Listening
LingQ, 1479482330,1479482331, LingQ
LingQ, 1479516600,1479516930, LingQ
Listening, 1479538477,1479538487, Listening
LingQ, 1479563531,1479564728, LingQ
LingQ, 1479564736,1479564738, LingQ
LingQ, 1479566099,1479566250, LingQ
LingQ, 1479573990,1479574188, LingQ
LingQ, 1479574273,1479574870, LingQ
LingQ, 1479574974,1479575306, LingQ
LingQ, 1479602454,1479606127, LingQ
LingQ, 1479606410,1479606419, LingQ
LingQ, 1479606484,1479606509, LingQ
LingQ, 1479642193,1479644309, LingQ
LingQ, 1479645252,1479645600, LingQ
LingQ, 1479648647,1479650364, LingQ
LingQ, 1479652251,1479653567, LingQ
LingQ, 1479693711,1479694568, LingQ
Listening, 1479697322,1479697417, Listening
LingQ, 1479697419,1479698910, LingQ
LingQ, 1479698954,1479699988, LingQ
LingQ, 1479700001,1479701630, LingQ
Listening, 1479701646,1479701664, Listening
LingQ, 1479701875,1479701956, LingQ
